-- phpMyAdmin SQL Dump
-- version 4.6.6deb5
-- https://www.phpmyadmin.net/
--
-- Host: localhost:3306
-- Generation Time: May 10, 2019 at 02:41 AM
-- Server version: 5.7.26-0ubuntu0.18.04.1
-- PHP Version: 7.2.17-0ubuntu0.18.04.1

SET SQL_MODE = "NO_AUTO_VALUE_ON_ZERO";
SET time_zone = "+00:00";


/*!40101 SET @OLD_CHARACTER_SET_CLIENT=@@CHARACTER_SET_CLIENT */;
/*!40101 SET @OLD_CHARACTER_SET_RESULTS=@@CHARACTER_SET_RESULTS */;
/*!40101 SET @OLD_COLLATION_CONNECTION=@@COLLATION_CONNECTION */;
/*!40101 SET NAMES utf8mb4 */;

--
-- Database: `NeemranaCircle`
--

-- --------------------------------------------------------

--
-- Table structure for table `Shop_Address`
--

CREATE TABLE `Shop_Address` (
  `Shop_Number` int(3) DEFAULT NULL,
  `Address_Line` varchar(44) DEFAULT NULL,
  `Locality` varchar(28) DEFAULT NULL,
  `Landmark` varchar(37) DEFAULT NULL,
  `City` varchar(8) DEFAULT NULL,
  `District` varchar(5) DEFAULT NULL,
  `State` varchar(9) DEFAULT NULL,
  `Pincode` varchar(6) DEFAULT NULL
) ENGINE=InnoDB DEFAULT CHARSET=utf8;

--
-- Dumping data for table `Shop_Address`
--

INSERT INTO `Shop_Address` (`Shop_Number`, `Address_Line`, `Locality`, `Landmark`, `City`, `District`, `State`, `Pincode`) VALUES
(1, 'Shop No-20', 'Krishna Tower', '', 'Neemrana', 'Alwar', 'Rajasthan', '301705'),
(2, '', 'Main Market', 'Near Chandni Market', 'Neemrana', 'Alwar', 'Rajasthan', '301705'),
(3, 'Moti Jheel', 'Main Market', '', 'Neemrana', 'Alwar', 'Rajasthan', '301705'),
(4, 'G-155', 'Shree Ram Plaza', '', 'Neemrana', 'Alwar', 'Rajasthan', '301705'),
(5, 'G-153', 'Shree Ram Plaza', '', 'Neemrana', 'Alwar', 'Rajasthan', '301705'),
(6, 'G-143&144', 'Shree Ram Plaza', '', 'Neemrana', 'Alwar', 'Rajasthan', '301705'),
(7, 'Moti Jheel', 'Main Market', '', 'Neemrana', 'Alwar', 'Rajasthan', '301705'),
(8, 'G-148', 'Shree Ram Plaza', '', 'Neemrana', 'Alwar', 'Rajasthan', '301705'),
(9, 'Moti Jheel', 'Main Market', '', 'Neemrana', 'Alwar', 'Rajasthan', '301705'),
(10, '', 'Mordern Shopping Complex', 'Near Satish Hospital', 'Neemrana', 'Alwar', 'Rajasthan', '301705'),
(11, '', 'Mordern Shopping Complex', 'Near Satish Hospital', 'Neemrana', 'Alwar', 'Rajasthan', '301705'),
(12, 'Shop No -15&16', 'Modern Shopping Complex', 'Near PNB', 'Neemrana', 'Alwar', 'Rajasthan', '301705'),
(13, 'CC-11', 'Fort Road', '', 'Neemrana', 'Alwar', 'Rajasthan', '301705'),
(14, '', '', 'Near Bank of Barora', 'Neemrana', 'Alwar', 'Rajasthan', '301705'),
(15, '', 'Opp. Satish Hospital', '', 'Neemrana', 'Alwar', 'Rajasthan', '301705'),
(16, 'PNB', 'OPP. Satish Hospital', '', 'Neemrana', 'Alwar', 'Rajasthan', '301705'),
(17, 'G-75', 'Shree Ram Plaza', '', 'Neemrana', 'Alwar', 'Rajasthan', '301705'),
(18, 'G-61', 'Shree Ram Plaza', '', 'Neemrana', 'Alwar', 'Rajasthan', '301705'),
(19, 'G-92', 'Shree Ram Plaza', '', 'Neemrana', 'Alwar', 'Rajasthan', '301705'),
(20, 'G-91', 'Shree Ram Plaza', '', 'Neemrana', 'Alwar', 'Rajasthan', '301705'),
(21, 'G-88', 'Shree Ram Plaza', '', 'Neemrana', 'Alwar', 'Rajasthan', '301705'),
(22, 'G-87', 'Shree Ram Plaza', '', 'Neemrana', 'Alwar', 'Rajasthan', '301705'),
(23, 'G-68', 'Shree Ram Plaza', '', 'Neemrana', 'Alwar', 'Rajasthan', '301705'),
(24, 'G-72', 'Shree Ram Plaza', '', 'Neemrana', 'Alwar', 'Rajasthan', '301705'),
(25, '', 'Shree Ram Plaza', 'Near Parley School', 'Neemrana', 'Alwar', 'Rajasthan', '301705'),
(26, 'G-78', 'Shree Ram Plaza', '', 'Neemrana', 'Alwar', 'Rajasthan', '301705'),
(27, 'G-77', 'Shree Ram Plaza', 'Opp. Parle School', 'Neemrana', 'Alwar', 'Rajasthan', '301705'),
(28, 'G-79', 'Shree Ram Plaza', '', 'Neemrana', 'Alwar', 'Rajasthan', '301705'),
(29, 'Jat Behror', 'Mundanwara Road', '', 'Neemrana', 'Alwar', 'Rajasthan', '301705'),
(30, 'G-228', 'Shree Ram Plaza', '', 'Neemrana', 'Alwar', 'Rajasthan', '301705'),
(31, 'G-230', 'Shree Ram Plaza', '', 'Neemrana', 'Alwar', 'Rajasthan', '301705'),
(32, '', '', 'Opp. Krishna Tower', 'Neemrana', 'Alwar', 'Rajasthan', '301705'),
(33, '', '', '', 'Neemrana', 'Alwar', 'Rajasthan', '301705'),
(34, '', 'Moti Jheel', 'Near PNB', 'Neemrana', 'Alwar', 'Rajasthan', '301705'),
(35, '', 'Moti Jheel', 'Near PNB', 'Neemrana', 'Alwar', 'Rajasthan', '301705'),
(36, 'G-146', 'Shree Ram Plaza', '', 'Neemrana', 'Alwar', 'Rajasthan', '301705'),
(37, 'G-145', 'Shree Ram Plaza', '', 'Neemrana', 'Alwar', 'Rajasthan', '301705'),
(38, 'G-156', 'Shree Ram Plaza', '', 'Neemrana', 'Alwar', 'Rajasthan', '301705'),
(39, 'S-154', 'Shree Ram Plaza', '', 'Neemrana', 'Alwar', 'Rajasthan', '301705'),
(40, 'Shop no. 44,45,63,64', 'Krishna Tower', '', 'Neemrana', 'Alwar', 'Rajasthan', '301705'),
(41, 'Opp. Modern Shopping Complex', 'Neemrana Market', 'Near Bank of Baroda', 'Neemrana', 'Alwar', 'Rajasthan', '301705'),
(42, 'S-226', 'Shree Ram Plaza', '', 'Neemrana', 'Alwar', 'Rajasthan', '301705'),
(43, 'Shop no H-129', 'Shree Ram Plaza', '', 'Neemrana', 'Alwar', 'Rajasthan', '301705'),
(44, 'F-157', 'Shree Ram Plaza', '', 'Neemrana', 'Alwar', 'Rajasthan', '301705'),
(45, 'Near ganesh mandir', '', 'Opp. BEO Office', 'Neemrana', 'Alwar', 'Rajasthan', '301705'),
(46, 'Opposite PNB bank', '', '', 'Neemrana', 'Alwar', 'Rajasthan', '301705'),
(47, 'Shop no 14,Krishna tower', 'Neemrana Market', '', 'Neemrana', 'Alwar', 'Rajasthan', '301705'),
(48, 'Moti Jheel', 'Neemrana Market', '', 'Neemrana', 'Alwar', 'Rajasthan', '301705'),
(49, 'Opposite Krishna Tower', '', '', 'Neemrana', 'Alwar', 'Rajasthan', '301705'),
(50, '', 'Holi Teeba', '', 'Neemrana', 'Alwar', 'Rajasthan', '301705'),
(51, 'G-150', 'Shree Ram Plaza', '', 'Neemrana', 'Alwar', 'Rajasthan', '301705'),
(52, 'Shop no G-304', 'Shree Ram Plaza', '', 'Neemrana', 'Alwar', 'Rajasthan', '301705'),
(53, 'Khethanath Dhormkata', 'Janapese Zone', '', 'Neemrana', 'Alwar', 'Rajasthan', '301705'),
(54, 'Shop no. 234', 'Shree Ram Plaza', '', 'Neemrana', 'Alwar', 'Rajasthan', '301705'),
(55, 'Shop no. G-151', 'Shree Ram Plaza', '', 'Neemrana', 'Alwar', 'Rajasthan', '301705'),
(56, 'G-3', 'Shree Ram Plaza', '', 'Neemrana', 'Alwar', 'Rajasthan', '301705'),
(57, 'G-152', 'Shree Ram Plaza', '', 'Neemrana', 'Alwar', 'Rajasthan', '301705'),
(58, 'Shop No. 1&2', 'Shree Ram Plaza', '', 'Neemrana', 'Alwar', 'Rajasthan', '301705'),
(59, 'T-L-601', 'Rolol Court', '', 'Neemrana', 'Alwar', 'Rajasthan', '301705'),
(60, 'G-76', 'Shree Ram Plaza', '', 'Neemrana', 'Alwar', 'Rajasthan', '301705'),
(61, 'NH-8 Delhi-Jaipur Highway', '', 'Opp. Raath International School', 'Neemrana', 'Alwar', 'Rajasthan', '301705'),
(62, 'PNB', 'Neemrana Market', '', 'Neemrana', 'Alwar', 'Rajasthan', '301705'),
(63, 'Purana Bazar', 'Neemrana Maket', '', 'Neemrana', 'Alwar', 'Rajasthan', '301705'),
(64, 'G-158', 'Shree Ram Plaza', '', 'Neemrana', 'Alwar', 'Rajasthan', '301705'),
(65, 'Opp. PNB', 'Neemrana Market', '', 'Neemrana', 'Alwar', 'Rajasthan', '301705'),
(66, 'Shop no. 2&3', 'Modern Complex', 'Near PNB Bank', 'Neemrana', 'Alwar', 'Rajasthan', '301705'),
(67, 'Opp. Life Ok', 'Neemrana Market', '', 'Neemrana', 'Alwar', 'Rajasthan', '301705'),
(68, 'Majri Road', '', '', 'Neemrana', 'Alwar', 'Rajasthan', '301705'),
(69, 'New Govt.Hospital', '', '', 'Neemrana', 'Alwar', 'Rajasthan', '301705'),
(70, 'Majri Road', '', '', 'Neemrana', 'Alwar', 'Rajasthan', '301705'),
(71, 'Behind Govt.Hospital', '', '', 'Neemrana', 'Alwar', 'Rajasthan', '301705'),
(72, 'Mohalla Hinsla', '', '', 'Neemrana', 'Alwar', 'Rajasthan', '301705'),
(73, 'Mahavar Dharmshala', '', '', 'Neemrana', 'Alwar', 'Rajasthan', '301705'),
(74, 'Near Government Senior Secondary High School', '', '', 'Neemrana', 'Alwar', 'Rajasthan', '301705'),
(75, 'Near Government Senior Secondary High School', '', '', 'Neemrana', 'Alwar', 'Rajasthan', '301705'),
(76, 'Near Government SeniorSecondary High School', '', '', 'Neemrana', 'Alwar', 'Rajasthan', '301705'),
(77, 'Near Government SeniorSecondary High School', '', '', 'Neemrana', 'Alwar', 'Rajasthan', '301705'),
(78, 'Near Government Hospital', '', '', 'Neemrana', 'Alwar', 'Rajasthan', '301705'),
(79, 'Near Government SeniorSecondary High School', '', '', 'Neemrana', 'Alwar', 'Rajasthan', '301705'),
(80, 'Kali Pahadi', '', '', 'Neemrana', 'Alwar', 'Rajasthan', '301705'),
(81, 'Plot no-240', 'New Eldeco', '', 'Neemrana', 'Alwar', 'Rajasthan', '301705'),
(82, 'Near NIIT University', '', '', 'Neemrana', 'Alwar', 'Rajasthan', '301705'),
(83, 'Near Baroda Grameen Bank', '', '', 'Neemrana', 'Alwar', 'Rajasthan', '301705'),
(84, 'Mothi jail', '', 'Near Panchayat Samithi', 'Neemrana', 'Alwar', 'Rajasthan', '301705'),
(85, 'Market Area', '', '', 'Neemrana', 'Alwar', 'Rajasthan', '301705'),
(86, 'Vijaya Bagh', '', '', 'Neemrana', 'Alwar', 'Rajasthan', '301705'),
(87, 'Mothi Jail', '', '', 'Neemrana', 'Alwar', 'Rajasthan', '301705'),
(88, 'Holi Teeba', '', '', 'Neemrana', 'Alwar', 'Rajasthan', '301705'),
(89, 'Near Market Area', '', '', 'Neemrana', 'Alwar', 'Rajasthan', '301705'),
(90, 'Holi Teeba', '', '', 'Neemrana', 'Alwar', 'Rajasthan', '301705'),
(91, 'New Colony', 'Holi Chowk', '', 'Neemrana', 'Alwar', 'Rajasthan', '301705'),
(92, 'Near Holi Teeba', '', '', 'Neemrana', 'Alwar', 'Rajasthan', '301705'),
(93, 'Holi Teeba', '', '', 'Neemrana', 'Alwar', 'Rajasthan', '301705'),
(94, 'Holi Teeba', '', '', 'Neemrana', 'Alwar', 'Rajasthan', '301705'),
(95, 'Mahal Chowk', '', 'Near Nam Dev Mandir', 'Neemrana', 'Alwar', 'Rajasthan', '301705'),
(96, 'Mahal Chowk', '', 'Beside Lifes OK', 'Neemrana', 'Alwar', 'Rajasthan', '301705'),
(97, 'Mahavar Dharmshala', '', '', 'Neemrana', 'Alwar', 'Rajasthan', '301705'),
(98, 'Modern Shopping Complex', '', '', 'Neemrana', 'Alwar', 'Rajasthan', '301705'),
(99, 'GF-4', 'R.Tech Capital Galleria', '', 'Neemrana', 'Alwar', 'Rajasthan', '301705'),
(100, 'Shop No.68', 'Krishna Tower', '', 'Neemrana', 'Alwar', 'Rajasthan', '301705'),
(101, 'Shop No.21', 'Modern Shopping Complex', '', 'Neemrana', 'Alwar', 'Rajasthan', '301705'),
(102, 'Shop No.13', 'Shri krishna Tower', '', 'Neemrana', 'Alwar', 'Rajasthan', '301705'),
(103, 'UG 41-50', 'Basement Shri Krishna Tower', '', 'Neemrana', 'Alwar', 'Rajasthan', '301705'),
(104, 'Opp.Krishna Tower', '', 'Near Central Tower', 'Neemrana', 'Alwar', 'Rajasthan', '301705'),
(105, 'Shop.No 10', 'Modern Shopping Complex', '', 'Neemrana', 'Alwar', 'Rajasthan', '301705'),
(106, 'Opp.Krishna Tower', '', 'Near Bank of Baroda', 'Neemrana', 'Alwar', 'Rajasthan', '301705'),
(107, '', 'Modern Shopping Complex', '', 'Neemrana', 'Alwar', 'Rajasthan', '301705'),
(108, 'Shop No. 42,67', 'Krishna Tower', '', 'Neemrana', 'Alwar', 'Rajasthan', '301705'),
(109, 'Shop No. 7', 'Krishna Tower', '', 'Neemrana', 'Alwar', 'Rajasthan', '301705'),
(110, 'Shop No. 77', 'Krishna Tower', '', 'Neemrana', 'Alwar', 'Rajasthan', '301705'),
(111, 'Shop No. 21', 'Krishna Tower', '', 'Neemrana', 'Alwar', 'Rajasthan', '301705'),
(112, 'Shop No. 71&72', 'Krishna Tower', '', 'Neemrana', 'Alwar', 'Rajasthan', '301705'),
(113, 'Shop.No 37', 'Modern Shopping Complex', '', 'Neemrana', 'Alwar', 'Rajasthan', '301705'),
(114, 'Shop No.74', 'Krishna Tower', '', 'Neemrana', 'Alwar', 'Rajasthan', '301705'),
(115, 'Shop No.17-B', 'Modern Shopping Complex', '', 'Neemrana', 'Alwar', 'Rajasthan', '301705'),
(116, 'Shop No. 27', 'Krishna Tower', '', 'Neemrana', 'Alwar', 'Rajasthan', '301705'),
(117, 'Shop No. 20', 'Modern Shopping Complex', '', 'Neemrana', 'Alwar', 'Rajasthan', '301705'),
(118, 'Shop No.19', 'Modern Shopping Complex', '', 'Neemrana', 'Alwar', 'Rajasthan', '301705'),
(119, '', '', 'Near Aapna Bazar', 'Neemrana', 'Alwar', 'Rajasthan', '301705'),
(120, 'Shop No. 47', 'Krisha Tower', '', 'Neemrana', 'Alwar', 'Rajasthan', '301705'),
(121, 'Shop No. 212', 'Near Hanuman Mandir', '', 'Neemrana', 'Alwar', 'Rajasthan', '301705'),
(122, 'Shop No. 187', 'RIICO Industrial Area', '', 'Neemrana', 'Alwar', 'Rajasthan', '301705'),
(123, 'Shop No. 210', '', 'Near Hanuman Mandir', 'Neemrana', 'Alwar', 'Rajasthan', '301705'),
(124, 'Shop No. 190', 'RIICO Complex', 'Near Hanuman Mandir', 'Neemrana', 'Alwar', 'Rajasthan', '301705'),
(125, 'Shop No. 165', 'Balaji Comlpex', '', 'Neemrana', 'Alwar', 'Rajasthan', '301705'),
(126, '', 'Japanese Zone', 'Near Hero Chowk', 'Neemrana', 'Alwar', 'Rajasthan', '301705'),
(127, 'NH-8', 'Japanese Zone', 'Near Baba Khatana Dharma', 'Neemrana', 'Alwar', 'Rajasthan', '301705'),
(128, '', 'Hero Chowk', '', 'Neemrana', 'Alwar', 'Rajasthan', '301705'),
(129, 'A-3-S-26', 'Hill Side,Eldeco', '', 'Neemrana', 'Alwar', 'Rajasthan', '301705'),
(130, 'Shop No.37', '', '', 'Neemrana', 'Alwar', 'Rajasthan', '301705'),
(131, 'Across PNB', 'Sateesh Hospital', '', 'Neemrana', 'Alwar', 'Rajasthan', '301705'),
(132, 'Gram Panchay Bhavan', 'Holi Teeba', '', 'Neemrana', 'Alwar', 'Rajasthan', '301705'),
(133, '', '', 'Near.Subh Lakshmi Complex', 'Neemrana', 'Alwar', 'Rajasthan', '301705'),
(134, 'Panchayat Samiti', '', '', 'Neemrana', 'Alwar', 'Rajasthan', '301705'),
(135, 'Shop No.281', 'Shri Ram Plaza', '', 'Neemrana', 'Alwar', 'Rajasthan', '301705'),
(136, 'Shop No.59', 'RIICO Shopping Complex', 'Near Cambay Hotel', 'Neemrana', 'Alwar', 'Rajasthan', '301705'),
(137, '', 'Neemrana Main Market', 'Near PNB', 'Neemrana', 'Alwar', 'Rajasthan', '301705'),
(138, 'Shop No.17-18', '', '', 'Neemrana', 'Alwar', 'Rajasthan', '301705'),
(139, 'Opp.Co-Operative Bank', '', '', 'Neemrana', 'Alwar', 'Rajasthan', '301705'),
(140, 'Shop No.75', 'Shri Krishna Tower', '', 'Neemrana', 'Alwar', 'Rajasthan', '301705'),
(141, '', '', 'Near Post Office', 'Neemrana', 'Alwar', 'Rajasthan', '301705'),
(142, '', '', 'Near Post Office', 'Neemrana', 'Alwar', 'Rajasthan', '301705'),
(143, '', 'Holi Teeba', '', 'Neemrana', 'Alwar', 'Rajasthan', '301705'),
(144, 'New Syndicate Bank,Moti Ji', '', '', 'Neemrana', 'Alwar', 'Rajasthan', '301705'),
(145, 'Shop No.156', '', '', 'Neemrana', 'Alwar', 'Rajasthan', '301705'),
(146, 'Shop.No 133', 'Subh Laxmi Complex', '', 'Neemrana', 'Alwar', 'Rajasthan', '301705'),
(147, '', 'Japanese Zone', 'Near Hero Chowk', 'Neemrana', 'Alwar', 'Rajasthan', '301705'),
(148, '', 'Baba Khetanath Dharma Khana', 'Near Hero Chowk', 'Neemrana', 'Alwar', 'Rajasthan', '301705'),
(149, 'Shop No.36,37', 'Subh Laxmi Complex', '', 'Neemrana', 'Alwar', 'Rajasthan', '301705'),
(150, 'Shop No .5', 'Subh Laxmi Complex', '', 'Neemrana', 'Alwar', 'Rajasthan', '301705'),
(151, 'Shop No.35', 'Subh Laxmi Complex', '', 'Neemrana', 'Alwar', 'Rajasthan', '301705'),
(152, 'Shop No.17', '', '', 'Neemrana', 'Alwar', 'Rajasthan', '301705'),
(153, 'Shop No.14', 'Subh Laxmi Complex', '', 'Neemrana', 'Alwar', 'Rajasthan', '301705'),
(154, 'Shop No.33', 'Subh Laxmi Complex', '', 'Neemrana', 'Alwar', 'Rajasthan', '301705'),
(155, 'Shop No.15', 'Subh Laxmi Complex', '', 'Neemrana', 'Alwar', 'Rajasthan', '301705'),
(156, 'Shop No.22', 'Subh Laxmi Complex', '', 'Neemrana', 'Alwar', 'Rajasthan', '301705'),
(157, 'Shop No.33', 'Subh Laxmi Complex', '', 'Neemrana', 'Alwar', 'Rajasthan', '301705'),
(158, 'Shop No.08', 'Subh Laxmi Complex', '', 'Neemrana', 'Alwar', 'Rajasthan', '301705'),
(159, 'Shop No.13', 'Shri Ram Plaza', '', 'Neemrana', 'Alwar', 'Rajasthan', '301705'),
(160, '', 'Shubh Laxmi Complex', 'Near.Hanuman Mandir', 'Neemrana', 'Alwar', 'Rajasthan', '301705'),
(161, 'Shop No.196', 'RIICO Industrial Area', '', 'Neemrana', 'Alwar', 'Rajasthan', '301705'),
(162, 'Chudi Market', 'Purana Bazar Neemrana Market', '', 'Neemrana', 'Alwar', 'Rajasthan', '301705'),
(163, 'Chudi Market', 'Purana Bazar Neemrana Market', '', 'Neemrana', 'Alwar', 'Rajasthan', '301705'),
(164, 'Main Road', '', 'Near Post office', 'Neemrana', 'Alwar', 'Rajasthan', '301705'),
(165, '', 'Mahel Chowk', '', 'Neemrana', 'Alwar', 'Rajasthan', '301705'),
(166, 'Chudi Market', 'Purana Bazar Neemrana Market', '', 'Neemrana', 'Alwar', 'Rajasthan', '301705'),
(167, 'Chudi Market', 'Purana Bazar Neemrana Market', '', 'Neemrana', 'Alwar', 'Rajasthan', '301705'),
(168, 'Chudi Market', 'Purana Bazar Neemrana Market', '', 'Neemrana', 'Alwar', 'Rajasthan', '301705'),
(169, 'Near Neemrana Fort Palace', '', '', 'Neemrana', 'Alwar', 'Rajasthan', '301705'),
(170, 'Chudi Market', 'Purana Bazar Neemrana Market', '', 'Neemrana', 'Alwar', 'Rajasthan', '301705'),
(171, 'Chudi Market', 'Purana Bazar Neemrana Market', '', 'Neemrana', 'Alwar', 'Rajasthan', '301705'),
(172, 'Chudi Market', 'Purana Bazar Neemrana Market', '', 'Neemrana', 'Alwar', 'Rajasthan', '301705'),
(173, 'Chudi Market', 'Purana Bazar Neemrana Market', '', 'Neemrana', 'Alwar', 'Rajasthan', '301705'),
(174, 'Chudi Market', 'Purana Bazar Neemrana Market', '', 'Neemrana', 'Alwar', 'Rajasthan', '301705'),
(175, 'Chudi Market', 'Purana Bazar Neemrana Market', '', 'Neemrana', 'Alwar', 'Rajasthan', '301705'),
(176, 'Chudi Market', 'Purana Bazar Neemrana Market', '', 'Neemrana', 'Alwar', 'Rajasthan', '301705'),
(177, '', '', 'Opp. Gram Panchayat', 'Neemrana', 'Alwar', 'Rajasthan', '301705'),
(178, '', 'Mahel Chowk', '', 'Neemrana', 'Alwar', 'Rajasthan', '301705'),
(179, '', 'Mahel Chowk', '', 'Neemrana', 'Alwar', 'Rajasthan', '301705'),
(180, '', 'Mahel Chowk', '', 'Neemrana', 'Alwar', 'Rajasthan', '301705'),
(181, '', 'Mahel Chowk', '', 'Neemrana', 'Alwar', 'Rajasthan', '301705'),
(182, '', 'Mahel Chowk', '', 'Neemrana', 'Alwar', 'Rajasthan', '301705'),
(183, '', 'Mahel Chowk', '', 'Neemrana', 'Alwar', 'Rajasthan', '301705'),
(184, '', '', 'Near Post Office', 'Neemrana', 'Alwar', 'Rajasthan', '301705'),
(185, '', '', 'Near Purani Tehsil', 'Neemrana', 'Alwar', 'Rajasthan', '301705'),
(186, '', '', 'Near Govt. Hospital', 'Neemrana', 'Alwar', 'Rajasthan', '301705'),
(187, 'Manjir Road', '', 'Near Banda', 'Neemrana', 'Alwar', 'Rajasthan', '301705'),
(188, 'Shop No. 521', 'Hill Side', '', 'Neemrana', 'Alwar', 'Rajasthan', '301705'),
(189, 'Manjir Road', '', 'Near Tehsil', 'Neemrana', 'Alwar', 'Rajasthan', '301705'),
(190, 'Manjir Road', '', 'Near Tehsil', 'Neemrana', 'Alwar', 'Rajasthan', '301705'),
(191, '', 'Main Market', '', 'Neemrana', 'Alwar', 'Rajasthan', '301705'),
(192, '', 'Main Market', '', 'Neemrana', 'Alwar', 'Rajasthan', '301705'),
(193, 'Plot No. 239', 'Areade Hill Side', '', 'Neemrana', 'Alwar', 'Rajasthan', '301705'),
(194, '', '', 'Near Govt. Hospital', 'Neemrana', 'Alwar', 'Rajasthan', '301705'),
(195, '', '', 'Near Govt. Hospital', 'Neemrana', 'Alwar', 'Rajasthan', '301705'),
(196, 'Chudi Market', 'Purana Bazar Neemrana Market', '', 'Neemrana', 'Alwar', 'Rajasthan', '301705'),
(197, '', '', 'Near Govt. Hospital', 'Neemrana', 'Alwar', 'Rajasthan', '301705'),
(198, 'Majri Road', '', '', 'Neemrana', 'Alwar', 'Rajasthan', '301705'),
(199, '', '', 'Near Govt. Hospital', 'Neemrana', 'Alwar', 'Rajasthan', '301705'),
(200, '', 'Eldeco Hill Side ', '', 'Neemrana', 'Alwar', 'Rajasthan', '301705'),
(201, 'A3/5-18', 'Hill Side', '', 'Neemrana', 'Alwar', 'Rajasthan', '301705'),
(202, '', 'Eldeco Hill Side ', '', 'Neemrana', 'Alwar', 'Rajasthan', '301705'),
(203, '', '', 'Opp. Post Office Fort Road', 'Neemrana', 'Alwar', 'Rajasthan', '301705'),
(204, 'Baba Ketana Dharan Kata', '', '', 'Neemrana', 'Alwar', 'Rajasthan', '301705'),
(205, '', 'Eldeco Hill Side ', '', 'Neemrana', 'Alwar', 'Rajasthan', '301705'),
(206, '', 'Eldeco Hill Side ', '', 'Neemrana', 'Alwar', 'Rajasthan', '301705'),
(207, '', 'Eldeco Hill Side ', '', 'Neemrana', 'Alwar', 'Rajasthan', '301705'),
(208, '', 'Eldeco Hill Side ', '', 'Neemrana', 'Alwar', 'Rajasthan', '301705'),
(209, '', 'Eldeco Hill Side ', '', 'Neemrana', 'Alwar', 'Rajasthan', '301705'),
(210, '', 'Eldeco Hill Side ', '', 'Neemrana', 'Alwar', 'Rajasthan', '301705'),
(211, '', 'Mahel Chowk', '', 'Neemrana', 'Alwar', 'Rajasthan', '301705'),
(212, '', 'Mahel Chowk', '', 'Neemrana', 'Alwar', 'Rajasthan', '301705'),
(213, '', 'Mahel Chowk', '', 'Neemrana', 'Alwar', 'Rajasthan', '301705'),
(214, '', 'Mahel Chowk', '', 'Neemrana', 'Alwar', 'Rajasthan', '301705'),
(215, '', 'Mahel Chowk', '', 'Neemrana', 'Alwar', 'Rajasthan', '301705'),
(216, '', 'Mahel Chowk', '', 'Neemrana', 'Alwar', 'Rajasthan', '301705'),
(217, '', 'Mahel Chowk', '', 'Neemrana', 'Alwar', 'Rajasthan', '301705'),
(218, '', 'Mahel Chowk', '', 'Neemrana', 'Alwar', 'Rajasthan', '301705'),
(219, '', 'Mahel Chowk', '', 'Neemrana', 'Alwar', 'Rajasthan', '301705'),
(220, '', 'Mahel Chowk', '', 'Neemrana', 'Alwar', 'Rajasthan', '301705'),
(221, '', 'Eldeco Hill Side ', '', 'Neemrana', 'Alwar', 'Rajasthan', '301705'),
(222, '', 'Eldeco Hill Side ', '', 'Neemrana', 'Alwar', 'Rajasthan', '301705'),
(223, '', 'Eldeco Hill Side ', '', 'Neemrana', 'Alwar', 'Rajasthan', '301705'),
(224, '', 'Eldeco Hill Side ', '', 'Neemrana', 'Alwar', 'Rajasthan', '301705'),
(225, '', 'Eldeco Hill Side ', '', 'Neemrana', 'Alwar', 'Rajasthan', '301705'),
(226, '', '', 'Near Krishna Tower', 'Neemrana', 'Alwar', 'Rajasthan', '301705'),
(227, '', 'Shopping Complex', 'Opp. BOB Bank', 'Neemrana', 'Alwar', 'Rajasthan', '301705'),
(228, '', 'Main Market', 'Majari Road', 'Neemrana', 'Alwar', 'Rajasthan', '301705'),
(229, '', 'Main Market', 'Majari Road', 'Neemrana', 'Alwar', 'Rajasthan', '301705'),
(230, '', 'Main Market', 'Majari Road', 'Neemrana', 'Alwar', 'Rajasthan', '301705'),
(231, '', 'Main Market', 'Majari Road', 'Neemrana', 'Alwar', 'Rajasthan', '301705'),
(232, '', 'Main Market', 'Majari Road', 'Neemrana', 'Alwar', 'Rajasthan', '301705'),
(233, '', '', 'Near Govt. School', 'Neemrana', 'Alwar', 'Rajasthan', '301705'),
(234, '', 'Eldeco Hill Side ', '', 'Neemrana', 'Alwar', 'Rajasthan', '301705'),
(235, '', 'Eldeco Hill Side ', '', 'Neemrana', 'Alwar', 'Rajasthan', '301705'),
(236, '', '', 'Near Govt. Hospital', 'Neemrana', 'Alwar', 'Rajasthan', '301705'),
(237, '', '', 'Near Govt. Hospital', 'Neemrana', 'Alwar', 'Rajasthan', '301705'),
(238, '', '', 'Near Govt. Hospital', 'Neemrana', 'Alwar', 'Rajasthan', '301705'),
(239, 'Main Road', '', 'Near Post office', 'Neemrana', 'Alwar', 'Rajasthan', '301705'),
(240, 'Hanuman Mandir', '', '', 'Neemrana', 'Alwar', 'Rajasthan', '301705'),
(241, 'Near S.S School', '', '', 'Neemrana', 'Alwar', 'Rajasthan', '301705'),
(242, 'Near Fort Road', '', 'Opp. Tehsil', 'Neemrana', 'Alwar', 'Rajasthan', '301705'),
(243, 'Plot No. 239', 'Japaneese Zone', '', 'Neemrana', 'Alwar', 'Rajasthan', ''),
(244, '', '', 'Opposite Panchayat Samiti', 'Neemrana', 'Alwar', 'Rajasthan', ''),
(245, '', '', 'Opposite Syndicate Bank', 'Neemrana', 'Alwar', 'Rajasthan', ''),
(246, '', '', 'Near Panchayat Samiti', 'Neemrana', 'Alwar', 'Rajasthan', ''),
(247, 'CC-12 Neemrana Central', '', 'NH 8', 'Neemrana', 'Alwar', 'Rajasthan', ''),
(248, 'FF-60', 'Neemrana Central', 'NH-8', 'Neemrana', 'Alwar', 'Rajasthan', ''),
(249, 'No. G78', 'Neemrana Central', 'NH -8', 'Neemrana', 'Alwar', 'Rajasthan', ''),
(250, 'Baba Ketana Dharam Kata', '', '', 'Neemrana', 'Alwar', 'Rajasthan', ''),
(251, 'Shop No. 3&4, Krishna Tower', '', '', 'Neemrana', 'Alwar', 'Rajasthan', ''),
(252, 'Shop No.2.10, Krishna Tower,Ground floor', '', '', 'Neemrana', 'Alwar', 'Rajasthan', ''),
(253, 'S-214.RIICCO Complex', '', 'Near Hanuman Mandir', 'Neemrana', 'Alwar', 'Rajasthan', ''),
(254, '', 'RIICCO Industrial Complex', 'Hanuman Mandir', 'Neemrana', 'Alwar', 'Rajasthan', ''),
(255, '', 'Hero Chowk', 'NH-8', 'Neemrana', 'Alwar', 'Rajasthan', ''),
(256, 'S-27', 'Ashadeep Market', '', 'Neemrana', 'Alwar', 'Rajasthan', ''),
(257, 'S-19-24', 'Ashadeep,Green Acre', '', 'Neemrana', 'Alwar', 'Rajasthan', ''),
(258, 'S-33', 'Ashadeep Market', '', 'Neemrana', 'Alwar', 'Rajasthan', ''),
(259, 'S-41', 'Ashadeep Market', '', 'Neemrana', 'Alwar', 'Rajasthan', ''),
(260, 'S-29-32', 'Ashadeep Market', '', 'Neemrana', 'Alwar', 'Rajasthan', ''),
(261, 'FF-41', 'Neemrana Central', '', 'Neemrana', 'Alwar', 'Rajasthan', ''),
(262, '', 'Hero Chowk', 'NH-8', 'Neemrana', 'Alwar', 'Rajasthan', ''),
(263, 'Shop No-2', 'Hero Chowk', '', 'Neemrana', 'Alwar', 'Rajasthan', ''),
(264, 'S-185', 'Hanuman Market', 'Near ICICI Bank ATM', 'Neemrana', 'Alwar', 'Rajasthan', ''),
(265, 'Shop No. 65-70', 'Neemrana Central', '', 'Neemrana', 'Alwar', 'Rajasthan', ''),
(266, 'S-220', 'RIICCO Complex', 'Near Hanuman Mandir', 'Neemrana', 'Alwar', 'Rajasthan', ''),
(267, 'Shop No-G50', 'Neemrana Central', 'Near Neemrana P.S', 'Neemrana', 'Alwar', 'Rajasthan', ''),
(268, 'Baba Ketanath Dharam Kata', '', '', 'Neemrana', 'Alwar', 'Rajasthan', ''),
(269, 'Baba Ketanath Dharam Kata', 'Hero Chowk', '', 'Neemrana', 'Alwar', 'Rajasthan', ''),
(270, 'Baba Ketanath Dharam Kata', 'Hero Chowk', '', 'Neemrana', 'Alwar', 'Rajasthan', ''),
(271, 'Baba Ketanath Dharam Kata', 'Japanese Zone', 'NH-8', 'Neemrana', 'Alwar', 'Rajasthan', ''),
(272, '', '', 'OPP. Hero Moto Corp., NH-8', 'Neemrana', 'Alwar', 'Rajasthan', ''),
(273, 'Shop No. 5-132', 'RIICO Complex', '', 'Neemrana', 'Alwar', 'Rajasthan', ''),
(274, '', 'Near Anantraj', '', 'Neemrana', 'Alwar', 'Rajasthan', ''),
(275, 'Shop no 80', 'Krishna Tower', '', 'Neemrana', 'Alwar', 'Rajasthan', ''),
(276, 'Shop No 88/89', 'Krishna Tower', '', 'Neemrana', 'Alwar', 'Rajasthan', ''),
(277, 'Shop no 27', 'Krishna Tower', '', 'Neemrana', 'Alwar', 'Rajasthan', ''),
(278, 'Basement', 'Krishna Tower', '', 'Neemrana', 'Alwar', 'Rajasthan', ''),
(279, 'A-28', 'Krishna Tower', '', 'Neemrana', 'Alwar', 'Rajasthan', ''),
(280, 'Shop no 143', 'RIICO Complex', '', 'Neemrana', 'Alwar', 'Rajasthan', ''),
(281, '', 'Bangla Market', 'Near Old Tulsi', 'Neemrana', 'Alwar', 'Rajasthan', ''),
(282, '', '', 'Near Tehseal', 'Neemrana', 'Alwar', 'Rajasthan', ''),
(283, '', 'Neemrana Market', 'Opposite Old Tehsil', 'Neemrana', 'Alwar', 'Rajasthan', ''),
(284, '', 'Neemrana Market', 'Opposite Old Tehsil', 'Neemrana', 'Alwar', 'Rajasthan', ''),
(285, '', 'Mahal Chowk,,Neemrana Market', 'Near Tehsil', 'Neemrana', 'Alwar', 'Rajasthan', ''),
(286, '', 'Mahal Chowk,Neemrana Market', 'Near Tehsil', 'Neemrana', 'Alwar', 'Rajasthan', ''),
(287, '', 'Nemmrana Market', 'Near Chudi market', 'Neemrana', 'Alwar', 'Rajasthan', ''),
(288, '', 'Nemmrana Market', 'Near Chudi market', 'Neemrana', 'Alwar', 'Rajasthan', ''),
(289, '', 'Moti Jheel,Main Market', '', 'Neemrana', 'Alwar', 'Rajasthan', ''),
(290, '', 'Sachkhand Hospital', '', 'Neemrana', 'Alwar', 'Rajasthan', ''),
(291, '', 'RIICO Industrial Area', '', 'Neemrana', 'Alwar', 'Rajasthan', ''),
(292, '', 'RIICO Industrial Area', '', 'Neemrana', 'Alwar', 'Rajasthan', ''),
(293, 'Plot no C-3435', 'RIICO', '', 'Neemrana', 'Alwar', 'Rajasthan', ''),
(294, '', 'Japanese Zone', 'NH8', 'Neemrana', 'Alwar', 'Rajasthan', ''),
(295, '', 'Bawadi Chowk', 'Near Senior Secondary high School', 'Neemrana', 'Alwar', 'Rajasthan', ''),
(296, '', 'Harsha Complex', 'Near Sachkhand Hospital', 'Neemrana', 'Alwar', 'Rajasthan', ''),
(297, '', 'Mohalariya', '', 'Neemrana', 'Alwar', 'Rajasthan', ''),
(298, '', '', 'Near Sachkhand Hospital', 'Neemrana', 'Alwar', 'Rajasthan', ''),
(299, '', 'Friend Colony', 'Near Police Station', 'Neemrana', 'Alwar', 'Rajasthan', ''),
(300, '', 'Hero Chowk', '', 'Neemrana', 'Alwar', 'Rajasthan', ''),
(301, 'Shop no 87', 'Krishna Tower', '', 'Neemrana', 'Alwar', 'Rajasthan', ''),
(302, 'Shop no 4', 'Modern Shoping Complex', '', 'Neemrana', 'Alwar', 'Rajasthan', ''),
(303, '', '', 'Near Cambay Hotel', 'Neemrana', 'Alwar', 'Rajasthan', ''),
(304, '', '', 'Near Bank of Baroda,Opp.Krishna Tower', 'Neemrana', 'Alwar', 'Rajasthan', ''),
(305, '', 'Main Market', 'Moti Jheel', 'Neemrana', 'Alwar', 'Rajasthan', ''),
(306, 'S-136', 'RIICO Complex', '', 'Neemrana', 'Alwar', 'Rajasthan', ''),
(307, '', 'RIICO Complex', '', 'Neemrana', 'Alwar', 'Rajasthan', ''),
(308, '', 'Near Central Bank', '', 'Neemrana', 'Alwar', 'Rajasthan', ''),
(309, 'Shop no 52,53', 'Shree Krishna Tower', '', 'Neemrana', 'Alwar', 'Rajasthan', ''),
(310, '', 'Main Market', 'Moti Jheel', 'Neemrana', 'Alwar', 'Rajasthan', ''),
(311, '', '', 'Holi Teeba', 'Neemrana', 'Alwar', 'Rajasthan', ''),
(312, 'Shop no 59', 'Krishna Tower', '', 'Neemrana', 'Alwar', 'Rajasthan', ''),
(313, '', '', 'Holi Teeba', 'Neemrana', 'Alwar', 'Rajasthan', ''),
(314, '', 'Main Market', 'Moti Jheel', 'Neemrana', 'Alwar', 'Rajasthan', ''),
(315, '', '', 'Holi Teeba', 'Neemrana', 'Alwar', 'Rajasthan', ''),
(316, '', 'V.P.O Neemrana', '', 'Neemrana', 'Alwar', 'Rajasthan', ''),
(317, '', 'Neemrana', 'Majri Road', 'Neemrana', 'Alwar', 'Rajasthan', ''),
(318, '', 'Neemrana', 'Baori Chowk', 'Neemrana', 'Alwar', 'Rajasthan', ''),
(319, '', 'V.P.O Neemrana', '', 'Neemrana', 'Alwar', 'Rajasthan', ''),
(320, '', 'Neemrana', 'Majri Road', 'Neemrana', 'Alwar', 'Rajasthan', ''),
(321, '', 'Neemrana', 'Majri Road', 'Neemrana', 'Alwar', 'Rajasthan', ''),
(322, '', 'Neemrana Market', 'Near Government Hospital', 'Neemrana', 'Alwar', 'Rajasthan', ''),
(323, '', 'Neemrana Market', 'Bawri mod', 'Neemrana', 'Alwar', 'Rajasthan', ''),
(324, '', 'Neemrana', 'Majri Road', 'Neemrana', 'Alwar', 'Rajasthan', ''),
(325, '', 'Neemrana Market', 'Bawdi Chowk', 'Neemrana', 'Alwar', 'Rajasthan', ''),
(326, '', 'Neemrana Market', 'Bawari Mod', 'Neemrana', 'Alwar', 'Rajasthan', ''),
(327, '', 'Neemrana Market', 'Near Government Hospital', 'Neemrana', 'Alwar', 'Rajasthan', ''),
(328, '', 'Neemrana Market', 'Near Government Hospital', 'Neemrana', 'Alwar', 'Rajasthan', ''),
(329, '', 'Main Market', '', 'Neemrana', 'Alwar', 'Rajasthan', ''),
(330, '', 'Neemrana Market', 'Bawdimod', 'Neemrana', 'Alwar', 'Rajasthan', ''),
(331, '', 'Neemrana Market', 'Majiri road', 'Neemrana', 'Alwar', 'Rajasthan', ''),
(332, '', 'Baori Chowk', '', 'Neemrana', 'Alwar', 'Rajasthan', ''),
(333, '', 'Neemrana Market', 'Near Government Hospital', 'Neemrana', 'Alwar', 'Rajasthan', ''),
(334, '', 'Neemrana market', 'Near Government Hospital', 'Neemrana', 'Alwar', 'Rajasthan', '');

-- --------------------------------------------------------

--
-- Table structure for table `Shop_Details`
--

CREATE TABLE `Shop_Details` (
  `Shop_Number` int(3) NOT NULL,
  `Shop_Name` varchar(49) DEFAULT NULL,
  `Trader_Name_Prefix` varchar(9) DEFAULT NULL,
  `Trader_First_Name` varchar(16) DEFAULT NULL,
  `Trader_Last_Name` varchar(16) DEFAULT NULL,
  `Shop_contact_details` varchar(23) DEFAULT NULL,
  `Shop_category` varchar(78) DEFAULT NULL,
  `Modes_of_Payment` varchar(4) DEFAULT NULL
) ENGINE=InnoDB DEFAULT CHARSET=utf8;

--
-- Dumping data for table `Shop_Details`
--

INSERT INTO `Shop_Details` (`Shop_Number`, `Shop_Name`, `Trader_Name_Prefix`, `Trader_First_Name`, `Trader_Last_Name`, `Shop_contact_details`, `Shop_category`, `Modes_of_Payment`) VALUES
(1, 'Style Collection', 'Shri', 'Rakesh', 'Khandelwal', '9694858330', 'Garments', 'CASH'),
(2, 'Yash Fashion Point', 'Shri', 'Hemant', 'Kumar', '8290551515', 'Garments', 'CASH'),
(3, 'Hero Fashion Point', 'Shri', 'Rajesh', 'Sonu', '9079326888', 'Garments', 'CASH'),
(4, 'Later Home Furnishing and Handloom', 'Shri', 'Narendra', 'Yadav', '9929258141', 'Home Furnishing ', 'CASH'),
(5, 'Shri Radhe Krishne Store', 'Shri', 'Vinay', 'Kumar Yadav', '9214511008', 'General Store', 'CASH'),
(6, 'Om Annpurna Rasoi', 'Mr.', 'Pawan', 'Sharma', '8003712360', 'Eatery', 'CASH'),
(7, 'Shree Ram Stationers', 'Shri', 'Manoj', 'Kumar', '9887872500', 'Stationary & Sports', 'CASH'),
(8, 'Shaurya Car Shringar', 'Shri', 'Mandeep', 'Kumar', '8000831616', 'Car Accessories', 'CASH'),
(9, 'ACE Computer', 'Shri', 'Satyavir', 'Singh', '8058829111', 'Computer Repair &Accessories', 'CASH'),
(10, 'Shakuntalam Saares', 'Mr.', 'Anil', 'Kumar Khandelwal', '8441858319', 'Garments', 'CASH'),
(11, 'Mahesh Garments', 'Mr.', 'Dinesh', 'Kumar', '9251151850', 'Garments', 'CASH'),
(12, 'Latest Printers', 'Mr.', 'Devraj', 'Yadav', '9314036007', 'Printing ,Spiral Binding & Digital Works', 'CASH'),
(13, 'Cambay Sapphire Neemrana', 'Mr.& Mrs.', 'Sanjay & Neelu', 'Gupta', '8055212597', 'Hotel', 'CASH'),
(14, 'Shiv Hardware & Electrical', 'Mr.', 'Naveen', 'Kholdia', '9057576572', 'Elecrical,Hardware', 'CASH'),
(15, 'OM Watch & Mobile Center', 'Mr.', 'Chandra Prakash', 'Sharma', '', 'Mobile Accessories', 'CASH'),
(16, 'Sonu Mobile', 'Mr.', 'Pradip', 'Kumar', '9672460700', 'Mobile Accessories', 'CASH'),
(17, 'NKR Clinic', 'Dr.', 'Charu', 'Gupta', '9314123986', 'Doctor\'s Clinic', 'CASH'),
(18, 'Rao Refrigeration', 'Mr.', 'Bhawani', 'Yadav', '9887311167', 'AC Services', 'CASH'),
(19, 'Shree Vinayak Enterprise', 'Mr.', 'Chhaju Ram', 'Gupta', '9785130661', 'Elecrical,Hardware', 'CASH'),
(20, 'Incore Spare ', 'Mr.', 'Nitin ', '', '8395929002', 'AC spare parts', 'CASH'),
(21, 'Subhash Tea Stall & Icecream', 'Mr.', 'Subhash Ch.', '', '7690078040', 'Tea Stall', 'CASH'),
(22, 'PK Digital Colour Lab&Studio', 'Mr.', 'Pritam', 'Kumar', '9079963200', 'Photography & Videography', 'CASH'),
(23, 'Mahalaxi Enterprices', 'Mr.', 'Avinash', 'Yadav', '9799994665', 'Distributor/Wholesale', 'CASH'),
(24, 'Ganesh Trading Co.', 'Mr.', 'Radhe', 'Sham', '9414637911', 'Stationary ', 'CASH'),
(25, 'Anshu Medical Store', 'Mr.', 'Abhay', 'Singh Yadav', '9680906083', 'Medical Store', 'CASH'),
(26, 'Krishna Garments ', 'Mr.', 'Dalip', 'Yadav', '9887390727', 'Garments', 'CASH'),
(27, 'Shekhawati Departmental Store', 'Mr.', 'Bhawani', 'Singh', '9587108670', 'Departmental Store', 'CASH'),
(28, 'Panacea Homeopathy', 'Dr.', 'S P', 'Yadav', '9828685541', 'Medical, Consultancy', 'CASH'),
(29, 'MD Public School', 'Mr.', 'Rahul', 'Koushik', '9549819318', 'School', 'CASH'),
(30, 'Car Zone Accessories', 'Mr.', 'Rahul', 'Koushik', '7375868750', 'Car Accessories', 'CASH'),
(31, 'Harsh Amul Ice-cream parlour', 'Mr.', 'Umesh', 'Chand', '9636504478', 'Eatery', 'CASH'),
(32, 'Shree Shyam Mobile and Repairing Cent.', 'Mr.', 'Mukesh', 'Mathur', '8890018178', 'Mobile Accessories', 'CASH'),
(33, 'Gaurav Foot Wear', 'Mr.', 'Rajendra', 'Prasad Yadav', '9928058130', 'Footwear', 'CASH'),
(34, 'Pooja Bhartan Bhandar', 'Mr.', 'Deen Dayal', 'Saini', '9571262198', 'Eatery', 'CASH'),
(35, 'Komal Garments', 'Mr.', 'Tejpal', 'Saini', '9929062318', 'Garments', 'CASH'),
(36, 'Siddhi Vinayak Traders', 'Shri', 'Durga Ram', 'Khatana', '9929719170', 'Departmental Store', 'CASH'),
(37, 'Impression Hair Salon', 'Shri', 'Daleep', 'Singh Saini', '9785051174', 'Hair Salon', 'CASH'),
(38, 'Ramaya Tradings ', 'Mr.', 'Kulwant', 'Yadav', '9929647439', 'Trading ', 'CASH'),
(39, 'Patanjali Store', 'Mr.', 'Niroj', 'Yadav', '9785846344', 'Store', 'CASH'),
(40, 'The Life Style Fashion Hub', 'Shri', 'Rinku', 'Yadav', '9929127007', 'Garments', 'CASH'),
(41, 'Amar Cafe and Juice Center', 'Mr.', 'Mahesh', 'Sharma', '9414418932', 'Eatery', 'CASH'),
(42, 'Airtel Store', 'Mr.', 'Anshul', 'Sharma', '8010088190', 'Mobile Servic', 'CASH'),
(43, 'Daksh chemicals', 'Mr.', 'Sanjay', 'Sharma', '9588867500', 'Chemicals', 'CASH'),
(44, 'Shaurya seat maker', 'Shri', 'Sandeep', 'Kumar', '9001110116', 'Car Accessories', 'CASH'),
(45, 'Rao Engineering works', 'Shri', 'Mohan Lal', 'Yadav', '9585277677', 'Electrical,Hardware', 'CASH'),
(46, 'Mastaan Singh key maker shop', 'Shri', 'Mastaan', 'Singh', '9057037140', 'Furniture', 'CASH'),
(47, 'New Style Sizar Saloon', 'Mr.', 'Kapoor', 'Saini', '9649449723', 'Hair Saloon', 'CASH'),
(48, 'Neemrana Saras Dairy', 'Shri', 'Pawan', 'Pawan', '9001016464', 'Dairy Store', 'CASH'),
(49, 'Dinesh Juice Center', 'Mr.', 'Dinesh', 'Kumar', '9521740885', 'Food', 'CASH'),
(50, 'Hans Garments', 'Ms.', 'Bandti', 'Kumar', '9251558303', 'Garments', 'CASH'),
(51, 'Shri Sagar Dosa Point', 'Mr.', 'Vineet', 'Gaur', '8690420310', 'Food', 'CASH'),
(52, 'Om Bikaner Misthan Bhandar', 'Mr.', 'Sanjay', 'Yadav', '8094093093', 'Food', 'CASH'),
(53, 'PCM Communication', 'Mr.', 'Ghanshyam', 'Ola', '8741858585', 'Mobile Accessories', 'CASH'),
(54, 'Balaji Tyres', 'Mr.', 'Satya Dev', 'Lamba', '7340633260', 'Car Accessories', 'CASH'),
(55, 'Shri Shyam Medical Agency', 'Ms.', 'Rachana', 'Yadav', '9549278131', 'Medical', 'CASH'),
(56, 'KNS Pizza Point', 'Mr.', 'Rakesh', 'Sharma', '7665194393', 'Food', 'CASH'),
(57, 'Shree yadvanshi  Garments', 'Mr.', 'Murari', 'Lal', '7742310054', 'Garments', 'CASH'),
(58, 'Hot Oven Delivery', 'Mr.', 'Pradeep', 'Yadav', '9521741196', 'Food', 'CASH'),
(59, 'Jai Gunpufi Tren Sports ORG', 'Mr.', 'Lokesh', 'Aggarwal', '9756201953', 'Sports', 'CASH'),
(60, 'Mirmal Car Accessories', 'Mr.', 'Bhupender', 'Singh', '9610994109', 'Car Accessories', 'CASH'),
(61, 'Hotel Tara', 'Mr.', 'Sanjay', 'Jadhav', '9784848457', 'Hotel', 'CASH'),
(62, 'Balaji nair saloon', 'Mr.', 'Naresh', 'Kumar', '9929003619', 'Saloon', 'CASH'),
(63, 'Shree Shyam Silver Craft', 'Mr.', 'Sashikanth', 'Soni', '9929030815', 'Silver Craft', 'CASH'),
(64, 'Sunfrost Regrigeration', 'Mr.', 'Sandeep', 'Kumar', '9001555645', 'Refrigeration and Maintenance work', 'CASH'),
(65, 'Yadav Mishhtan Bhandar', 'Mr.', 'Udmi', 'Ram', '9413437146', 'Food', 'CASH'),
(66, 'Himanshi technology', 'Mr.', 'Kuldeep', 'Chauhan', '7732993170', 'Electronics', 'CASH'),
(67, 'Mansa Beauty Parlour', 'Ms.', 'Pinky', '', '9785873718', 'Beauty Parlour', 'CASH'),
(68, 'Mayank Photo Studio', 'Mr.', 'Sonu', 'Kumar', '6378861332', 'Photo Studio', 'CASH'),
(69, 'Baba Shiv Kali Kamali Musical Group', 'Mr.', 'Rakesh Chand', 'Bajni', '9602454500', 'Archestra,Musical Troop', 'CASH'),
(70, 'Shiv Plastics', 'Mr.', 'Panna Lal', 'Banswal', '9799848421', 'Plastic Scrap', 'CASH'),
(71, 'Ajay Enterprises', 'Mr.', 'Vijay', ' Kumar Banswal', '7732806907', 'Scrap', 'CASH'),
(72, 'Neemrana Homes', 'Mr.', 'Brijesh', 'Sharma', '9001419353', 'Apartments', 'CASH'),
(73, 'Baba Shiv Swaroop,Kali Kamli,Rangmanch', 'Mr.', 'Rakesh', 'Chand Sharma', '9829642581', 'Function Hall,Neemrana', 'CASH'),
(74, 'Silver saloon', 'Mr.', 'Manoj', 'Kumar', '9166653996', 'Saloon,Beauty Parlour', 'CASH'),
(75, 'New rao SS,Steel Workshop', 'Mr.', 'Pawan', 'Kumar', '9468617566', 'Steel Work Shop', 'CASH'),
(76, 'Rajasthan Khadi Bhandar', 'Mr.', 'Nathu', 'Singh', '9929963619', 'Clothing', 'CASH'),
(77, 'Raj Mobile', 'Mr.', 'Suresh', 'Kumar', '9571772102', 'Mobile Accessories', 'CASH'),
(78, 'Sri Shyam Saras Dairy and General Stores', 'Mr.', 'Manjeet', 'Banswal', '7976180483', 'Dairy and General Stores', 'CASH'),
(79, 'Neemrana General Stores', 'Mr.', 'Kailash', 'Banswal', '8949110400', 'General Stores', 'CASH'),
(80, 'Ram General Stores', 'Mr.', 'Dhaula', 'Ram', '9929774738', 'General Stores', 'CASH'),
(81, 'Anand Caters', 'Mr.', 'Yogesh', 'Kumar', '9351003800', 'Restaurant', 'CASH'),
(82, 'Sundar Lal Kirana Store', 'Mr.', 'Ram Lal', 'Saini', '8058922242', 'General Stores', 'CASH'),
(83, 'Shivam Enterprises', 'Mr.', 'Bharath', 'Aggarwal', '9660198123', 'Wholesale Grocery Store', 'CASH'),
(84, 'Jay Durga Fruits and Vegetables ', 'Mr.', 'Rahul', 'Saini', '9462155436', 'Fruits and Vegetables', 'CASH'),
(85, 'Mahak Juice Corner', 'Mr.', 'Sunil', 'Kumar', '8741834250', 'Juice Center', 'CASH'),
(86, 'Ladies Fashion Tailor', 'Ms.', 'Archana', 'Rathore', '7023382580', 'Tailor/Fashion Designer', 'CASH'),
(87, 'Jay Durga Logistics', 'Mr.', 'Jitendar', 'Saini', '9602329692', 'Motors', 'CASH'),
(88, 'Mona Cosmetics', 'Ms.', 'Sadna', '', '8463818501', 'Garments', 'CASH'),
(89, 'Gunjan Egg Corner', 'Mr.', 'Raja Ram', 'Prajapat', '7891534041', 'Fast Food', 'CASH'),
(90, 'Sri Shyam Matching Center', 'Mr.', 'Ram Avatar', 'Sharma', '9214661510', 'Cloth Store', 'CASH'),
(91, 'Sanjay Beauty Hair Saloon', 'Mr.', 'Sanjay ', 'Kumar Saini', '8058227129', ' Beauty Saloon', 'CASH'),
(92, 'Rohan Computers', 'Mr.', 'Parvat', 'Singh', '8239330520', 'Computer Accessories', 'CASH'),
(93, 'Shiv Cosmetics and Garments', 'Mr.', 'Anand', 'Tiwari', '8739952860', 'Garments', 'CASH'),
(94, 'Rohit Suit Collection', 'Mr.', 'Rohit', 'Sharma', '8696025143', 'Clothing', 'CASH'),
(95, 'UP TO DATE', 'Mr.', 'Vijay', 'Kumar', '8890190598', 'Barber', 'CASH'),
(96, 'Bhagat Auto Parts', 'Mr.', 'Monu', 'Kumar', '8107309713', 'Automobile', 'CASH'),
(97, 'Mayank General Store', 'Mr.', 'Mayank', 'Rajapat', '9694380714', 'General Stores', 'CASH'),
(98, 'Fancy Boot House', 'Mr.', 'Rajesh', 'Khandelwal', '9887723638', 'Footwear and Luggage', 'CASH'),
(99, 'Nisha Mobile', 'Mr.', 'Suresh', 'Yadav', '9001455292', 'Mobile Accessories', 'CASH'),
(100, 'Yug Fashion Hut', 'Mr.', 'Sandeep', 'Kumar', '9887601697', 'Garments', 'CASH'),
(101, 'Khetanath Readymade Garments', 'Mr.', 'Mukesh', 'Kumar Dutta', '9785352403', 'Garments', 'CASH'),
(102, 'Monu Mobile', 'Mr.', 'Manoj', 'Kumar', '9829557341', 'Mobile Accessories', 'CASH'),
(103, 'Aapno Bazar', 'Mr.', 'Subash ', '', '9887870333', 'Grocery', 'CASH'),
(104, 'Patanjali Mall', 'Mr.', 'Nihal', 'Yadav', '9783424851', 'Patanjali Products', 'CASH'),
(105, 'Shri Ram Readymade Garments', 'Mr.', 'Padam', 'Gupta', '9887199007', 'Garments', 'CASH'),
(106, 'Mother Dairy +Amul', 'Mr.', 'Sunil', 'Kumar', '8890814953', 'Dairy Products', 'CASH'),
(107, 'Gaurav Tailors', 'Mr.', 'Siyaram', '', '9694492545', 'Tailor/Fashion Designer', 'CASH'),
(108, 'Shri Laxmi Lifestyle', 'Mr.', 'Vijaya', 'Laxmi', '7877182877', 'Garments,Handloom Items', 'CASH'),
(109, 'Nisha Mobile Center', 'Mr.', 'Suresh', 'Kumar', '9680802076', 'Finance,Mobile Accesories', 'CASH'),
(110, 'Shri Shyam Cosmetics&Gift Gallery', 'Mr.', 'Ramesh', 'Kumar', '9660709008', 'Cosmetics,Gifts', 'CASH'),
(111, 'Royal Rao Pet Shop', 'Mr.', 'Rohit', 'Yadav', '8239999955', 'Pet Shop', 'CASH'),
(112, 'Khandelwal Trading Company', 'Mr.', 'Damodar', 'Khandelwal', '8003010647', 'Grocery,FMCG', 'CASH'),
(113, 'Aglow Mart', 'Mr.', 'Sanjay', 'Kumar Yadav', '9672495515', 'Electrical Shop', 'CASH'),
(114, 'Royal Sports & Readymade Center', 'Mr.', 'Sundar', 'Pal', '8930227365', 'Garments', 'CASH'),
(115, 'Mahalaxmi Jewellers', 'Mr.', 'Anil', 'Soni', '9828383600', 'Jewellers', 'CASH'),
(116, 'Shyam Fashion ', 'Mr.', 'Virendra', 'Singh Yadav', '9929839446', 'Garments', 'CASH'),
(117, 'Khandelwal Footwear', 'Mr.', 'Kapil', 'Kumar', '9024317057', 'Footwears', 'CASH'),
(118, 'Shri Shyam Fancy Garments', 'Mr.', 'Kapil', 'Kumar', '9024317057', 'Kids Garments', 'CASH'),
(119, 'Adomino Pizza', 'Mr.', 'Sachin', 'Paliwal', '', 'Food(Pizza)', 'CASH'),
(120, 'SD Fashion', 'Mr.', 'Nik', 'Yadav', '9636498282', 'Garments', 'CASH'),
(121, 'RR Enterprises', 'Mr.', 'Saurabh', '', '8196003954', 'Industrial Equipment', 'CASH'),
(122, 'Manasvi Marketing&Services Pvt.Ltd', 'Mr.', 'Prashant', 'Kumar', '9587257700', 'Loan Serivces', 'CASH'),
(123, 'Tirupati Engineers &Traders', 'Mr.', 'Atul', 'Vyas', '8823933551', 'Industrial Equipment', 'CASH'),
(124, 'Mini Sangham Stores', 'Mr.', 'Goutam', 'Praapat', '8290802012', 'Electrical Hardware,Safety', 'CASH'),
(125, 'Shree Shyam Sanitary Store', 'Mr.', 'Vinod', 'Kumar Gupta', '9887565600', 'Sanitary Goods and Hardware', 'CASH'),
(126, 'Baba Bhagwan Das Traders', 'Mr.', 'Amit', 'Kumar', '9214338251', 'Asian paints,Bosch Tools,Jaguar CP Fittings,PVC,CPVC fittings,All safety items', 'CASH'),
(127, 'Pawar Electrical &Hardware Store', 'Mr.', 'Vikram', 'Chaudhary', '8440011220', 'Hardware,Electrical Tools', 'CASH'),
(128, 'Riyanshu Mobile ', 'Mr.', 'Rinku', '', '9828817070', 'Mobile Accessories', 'CASH'),
(129, 'Kathi Junction', 'Mr.', 'Akash', ' Rohil Chaudhary', '', 'Food(Rolls)', 'CASH'),
(130, 'Facebook Fashion Hub', 'Mr.', 'Karamveer', 'Singh', '', 'Clothing', 'CASH'),
(131, 'Sunil Photo Studio', 'Mr.', 'Sunil', 'Kumar Sharma', '9694818122', 'Photo Studio', 'CASH'),
(132, 'M/s. Balaji Emitra', 'Mr.', 'Mohanlal', 'Saini', '8432500100', 'Online &Computer Job Work', 'CASH'),
(133, 'Shi Mal Chand Enterprises', 'Mr.', 'Umesh', 'Sharma', '9636975418', 'Man Power &Labour Contractor', 'CASH'),
(134, 'Lucky Cycle Shop', 'Mr.', 'Rajesh', 'Saini', '9829453742', 'Cycle&Cycle Repair', 'CASH'),
(135, 'Shri Virendra Enterprises', 'Mr.', 'Virender', 'Kumar Sharma', '9521740928', 'Man Power &Labour Contractor', 'CASH'),
(136, 'JR Electricals & Hardware', 'Mr.', 'Ramakrishan', 'Gupta', '9784150993', 'Paints,Electrical,Sanitary,Hardware Items', 'CASH'),
(137, 'Gupta Electronics and Furnitures', 'Mr.', 'Raj Gopal', 'Khandelwal', '8107107226', 'Electronics & Furniture', 'CASH'),
(138, 'Mahesh Garments', 'Mr.', 'Hukam', 'Chand', '9251151850', 'Readymade Garments', 'CASH'),
(139, 'Rakesh Tailors', 'Mr.', 'Puranmal', 'Bhagat Ji', '8441829670', 'Tailor/Fashion Designer', 'CASH'),
(140, 'Fancy Footware', 'Mr.', 'Manoj', 'Kumar', '9602736124', 'Footware', 'CASH'),
(141, 'Dr.Narendra Dental Hospital', 'Dr.', 'Narendra', 'Kumar', '9252490459', 'Dental Hospital', 'CASH'),
(142, 'Shri Bajramg Medicose', 'Dr.', 'Bhoj', 'Raj', '7891709566', 'Medicines', 'CASH'),
(143, 'New Light Tailors', 'Mr.', 'Mangu Ram', 'Singh', '9667952200', 'Tailor/Fashion Designer', 'CASH'),
(144, 'Bobby Garments', 'Mr.', 'Bobby', '', '9461041939', 'Garments', 'CASH'),
(145, 'Chote Lal Kashi Ram Cloth Merchants', 'Mr.', 'Kashi Ram', 'Gupta', '8290445405, 9414811970', 'Cloth Merchants', 'CASH'),
(146, 'Jai Matadi Enterprises', 'Mr.', 'Devikishor', 'Sharma', '8607237209', 'Tooling', 'CASH'),
(147, 'RK Tyres', 'Mr.', 'Krishna', 'Gupta', '9950843184', 'CEAT&BRIDGESTONE Tyres', 'CASH'),
(148, 'Door Solutions', 'Mr.', 'Vishnu', 'Sharma', '9928405647', 'Hardware', 'CASH'),
(149, 'M.S. Enterprises', 'Mr.', 'Yogesh', 'Kumar', '9672223399, 9571080080', 'TASKI/SINTEX', 'CASH'),
(150, 'Sangham Hardware', 'Mr.', 'Sunil', 'Chaudhary', '9887029200, 8890416882', 'Industrial Projects', 'CASH'),
(151, 'Shanu Enterprises', 'Mr.', 'Vipin', 'Yadav', '8440002200', 'Patanjali,Britania Dealer', 'CASH'),
(152, 'New Jaroda Enterprises', 'Mr.', 'Sunil', 'Yadav', '8890065292', 'Harpic &Colin Dealership', 'CASH'),
(153, 'GTECH Tooling Corporation', 'Mr.', 'Raghavendra', 'Upmanyu', '6377163092, 9079613717', 'Tooling', 'CASH'),
(154, 'Satya Trading Company', 'Mr.', 'Pushpendra', 'Singh', '8306295969, 9549521952', 'Hardware&Electrical', 'CASH'),
(155, 'Jeet Enterprises', 'Mr.', 'Mahavendra', 'Singh', '9610768075, 8800102610', 'Power Tools', 'CASH'),
(156, 'MY Electrical&Hardware Store', 'Mr.', 'Rajesh', 'Chauhan', '9610808866', 'Hardware&Electrical', 'CASH'),
(157, 'Shri Ganesh Trading Company', 'Mr.', 'Balwan', 'Rao', '98138002, 9813138004', 'Hardware,Electrical&Chemicals', 'CASH'),
(158, 'Vertex Sales Corporation', 'Mr.', 'Naval', 'Gupta', '9828289172', 'SMC Pnematic Dealer', 'CASH'),
(159, 'Weebo Networks Pvt.Ltd', 'Mr.', 'Neeraj', 'Saini', '8058353052, 9799995161', 'Internet Service', 'CASH'),
(160, 'Antrix Industrial Corporation', 'Mr.', 'Naval', 'Gupta', '9828289172', 'Electrical Items', 'CASH'),
(161, 'Kanika Trading Co', 'Mr.', 'Chandra Prakash', 'Gupta', '8003942358', 'Hardware,Electrical', 'CASH'),
(162, 'Shri Laxmi Vinayak Security Solution', 'Mr.', 'Vijay', 'Soni', '7357907600', 'CCTV, Camera etc', 'CASH'),
(163, 'Pooja Beauty Products', 'Ms.', 'Pooja', 'Devi', '9782878559', 'Beauty Products', 'CASH'),
(164, 'Vikram Dry Cleaner', 'Mr.', 'Vikram', 'Singh', '9694652393', 'Dry Cleaning, Pressing', 'CASH'),
(165, 'Shiv CharanLal Rakesh Kumar', 'Mr.', 'Rakesh', 'Kumar', '9351641256, 9782001256', 'J.K Cement', 'CASH'),
(166, 'Om Sai Jewellers', 'Mr.', 'Ghan', 'Shyam', '9887297270', 'Jewellers', 'CASH'),
(167, 'Satnam Garments', 'Mr.', 'Ram Lal', 'Arora', '8426861001', 'Garments Shop', 'CASH'),
(168, 'Muskan Beauty Parlour', 'Ms.', 'Manju', '', '8058250955', 'Beauty Parlour', 'CASH'),
(169, 'Biju ka Club Neemrana', 'Mr.', 'Balwant', 'Soni', '9929066854', 'Antique Shop', 'CASH'),
(170, 'Rifa Silai Centre ', 'Mr.', 'Liyakat', 'Malik', '9166691695', 'Sewing', 'CASH'),
(171, 'Didi Shingaar', 'Ms.', 'Shila', 'Sharma', '9460600722', 'Cosmetics Shop', 'CASH'),
(172, 'Raveena Beauty Corner', 'Mr.', 'Ravinder', 'Kumar', '9001170502', 'Cosmetics Shop', 'CASH'),
(173, 'Ritik Garments', 'Mr.', 'Mukesh', 'Kumar', '9887895059', 'Garments Shop', 'CASH'),
(174, 'Suhaag Beauty Corner', 'Mr.', 'Yogesh', 'Kumar', '9799274930', 'Cosmetics Shop', 'CASH'),
(175, 'Ganesh Suhaag', 'Mr.', 'Bhupinder', 'Singh', '9950946424', 'Cosmetics Shop', 'CASH'),
(176, 'Framing House', 'Mr.', 'Neeraj  ', '', '8619152486', 'Frames Shop', 'CASH'),
(177, 'Sara India', 'Mr.', 'Mahesh', 'Kumar Yogi', '9950754260', 'Banking', 'CASH'),
(178, 'Yadav Autoparts', 'Mr.', 'Sandeep', 'Kumar', '9660504211', 'Bike Parts', 'CASH'),
(179, 'Ajay Motors Winding', 'Mr.', 'Sonu', 'Kumar', '8890804791', 'Electronics item', 'CASH'),
(180, 'Sharma Garments', 'Mr.', 'Ravi', 'Sharma', '8696965800', 'Garments', 'CASH'),
(181, 'Anapurna', 'Mr.', 'Rakesh', 'Kumar', '7877941819', 'Vegetable Shop', 'CASH'),
(182, 'Jagadamba Hotel & Tiffin Center', 'Mr.', 'Vikash', 'Aggarwal', '7665446588', 'Food items, Home Delivery', 'CASH'),
(183, 'Bhardwaj Shudh Shakahari Bhojanalay', 'Mr.', 'Yogender', 'Sharma', '9887788510', 'Food items, Home Delivery', 'CASH'),
(184, 'Srishanth Tent House', 'Mr.', 'Mahendra', 'Kumar', '9928130489', 'Properties Arrangement', 'CASH'),
(185, 'Balaji Bakers and Dairy', 'Mr.', 'Sandeep', 'Kumar', '9587219505', 'Bakery Items', 'CASH'),
(186, 'Jeevan Jyoti Dental Hospital', 'Dr.', 'Deepak', 'Yadav', '8930108192', 'Dental Hospital', 'CASH'),
(187, 'Jaya Sri Shyam Electronics', 'Mr.', 'Rajesh', '', '9057810538, 7568662503', 'Cable Work, Home Theatre', 'CASH'),
(188, 'Trends Tech', 'Mr.', 'Chirag', 'Singh Shekhawat', '9521651108', 'Mobile Accessories $ Repair', 'CASH'),
(189, 'Anitha Readymade and general Store', 'Mr.', 'Deenaram', '', '8107820066', 'Children dress & Footware', 'CASH'),
(190, 'Sri Ji footware', 'Mr.', 'Sunil', 'Khandelwal', '7568686862', 'Footware', 'CASH'),
(191, 'Shree Shyam Fancy Cloth Store', 'Mr.', 'Bajrang', 'Mudgal', '7891776777, 8209206389', 'Cloth Materials', 'CASH'),
(192, 'Yash Garments', 'Mr.', 'Hemanth', '', '8290551515', 'Kidswear, Gents Cloths', 'CASH'),
(193, 'EasyDay', 'Mr.', 'Yuvraj', 'Singh', '9971858929', 'Grocery Store', 'CASH'),
(194, 'Mohit Tilak Electrics', 'Mr.', 'Mohit', '', '9672263463', 'Electrical works', 'CASH'),
(195, 'S.S Steal Works', 'Mr.', 'Pawan', 'Kumar', '9468617566', 'Steel Work Shop', 'CASH'),
(196, 'Lucky Jewellers', 'Mr.', 'Santu', 'Kumar Soni', '9694902762', 'Jewellers', 'CASH'),
(197, 'Perfect Pathlab', 'Mr.', 'Dharam', 'Bir Singh', '7737715215', 'All Medical Test', 'CASH'),
(198, 'JBKD', 'Mr.', 'Manoj', 'Kumar', '7568004084', 'Mobile Repair', 'CASH'),
(199, 'Sri Krishna Medical Hall', 'Mr.', 'Ram', 'Kishan', '9928302527', 'Pharmacy', 'CASH'),
(200, 'Maya Medical & General Store', 'Mr.', 'Trilok', 'Singh', '9694870012', 'Pharmacy', 'CASH'),
(201, 'Rajasthan Property', 'Mr.', 'Ajit', 'Yadav', '9799098349', 'Property Dealing', 'CASH'),
(202, 'Total Home Solutions& Properties', 'Mr.', 'Karampal', 'Singh', '9214870695', 'Property Dealing', 'CASH'),
(203, 'Vastu Associates', 'Mr.', 'Sunil', 'Sharma', '9587773676, 9785826777', 'Building Planning', 'CASH'),
(204, 'G.S Saloon', 'Mr.', 'Bhiru', '', '8890248479', 'Hair Cut', 'CASH'),
(205, 'Poonam Fashion Point ', 'Ms.', 'Poonam', 'Yadav', '9799709221', 'Cosmetic, Footware,Cloth', 'CASH'),
(206, 'Yug Trading Company', 'Mr.', 'S.P', 'Singh', '9971858029', 'Trading of Industries Product', 'CASH'),
(207, 'Lakhdatar', 'Mr.', 'Pradeep', 'Dhawan', '9251610841', 'Cosmetic,Cloth', 'CASH'),
(208, 'D D Sweets& Fast Food', 'Mr.', 'Dharmender', 'Singh', '9694871608', 'Seets And Fast Food', 'CASH'),
(209, 'Queen Beauty Point', 'Ms.', 'Varsha', 'Singh', '978501364', 'Beauty Parlour', 'CASH'),
(210, 'New Maya Medical Store', 'Dr.', 'Darshrath', 'Chauhan', '9887017286', 'Pharmacy', 'CASH'),
(211, 'Shri Namdev Collection', 'Mr.', 'Rajender', 'Kumar Nama', '7357273301', 'Garments Shop', 'CASH'),
(212, 'Sri Shyam Medical & General Store', 'Mr.', 'Ajit ', 'Singh Yadav', '9829967049', 'Pharmacy', 'CASH'),
(213, 'Dev Properties', 'Mr.', 'Yogendra', 'Sharma', '9887788510', 'Property Dealing', 'CASH'),
(214, 'HariOm Ladies Tailor', 'Mr.', 'HariOm', '', '6377632166', 'Tailor Shop', 'CASH'),
(215, 'Shivani Medical Hall', 'Mr.', 'Rajpal', 'Singh Yadav', '9251405151', 'Pharmacy', 'CASH'),
(216, 'Raju General Store', 'Mr.', 'Raju', '', '6350125892', 'General Stores', 'CASH'),
(217, 'Jindal Cycle Store', 'Mr.', 'Pushkar', '', '9680812883', 'Cycle Repiar', 'CASH'),
(218, 'Sri Shyam Electronics ', 'Mr.', 'Mukesh', 'Kumar', '9950285322', 'Electronic & Sound appliances', 'CASH'),
(219, 'Bali Trunk House', 'Mr.', 'Bali Ram', 'Singh', '9887305107', 'Repairing of Almari, Cooler', 'CASH'),
(220, 'Rohit Consult Property Registration', 'Mr.', 'Chinki', 'Sharma', '9116009741', 'Property Dealing', 'CASH'),
(221, 'The Paradise Briyani and Rolls', 'Mr.', 'Mithlesh', 'Gupta', '8905917028', 'Briyano & Rolls', 'CASH'),
(222, 'Aditya Cooling', 'Mr.', 'Ajay', 'Jangir', '9001874902', 'All Cooling Repair', 'CASH'),
(223, 'Kolkata Light House', 'Mr.', 'Amlesh', 'Sharma', '8619712784', 'All Light Item', 'CASH'),
(224, 'Delhi Knights', 'Ms.', 'Deepthi', 'Raina', '9649207501', 'Non veg & Veg', 'CASH'),
(225, 'A one PG & Guest House', 'Mr.', 'Pradeep', 'Kumar', '8306186857', 'Breakfast, lunch & Dinner', 'CASH'),
(226, 'Lovely Saloon ', 'Mr.', 'Sanjay ', '', '7891972890', 'Beauty Parlour', 'CASH'),
(227, 'Kolkata Light House', 'Ms.', 'Seema', 'Sharma', '8290215398', 'Electrical, Fancy Lights', 'CASH'),
(228, 'Ramesh Boot House', 'Mr.', 'Pawan', 'Kumar', '9460335848', 'Shoes, footware', 'CASH'),
(229, 'M.K Plywood', 'Mr.', 'Mukesh', '', '8290979317', 'Plywood, Wood Works', 'CASH'),
(230, 'Manish Mobile', 'Mr.', 'Manish', '', '63501665566', 'Mobile Repair', 'CASH'),
(231, 'Jai Durga Hardware', 'Mr.', 'Jagan', 'Sharma', '9680413132', 'Hardware Materials', 'CASH'),
(232, 'Jai Shree Electronics', 'Mr.', 'Dharamveer', 'Yadav', '8107445015', 'Electronics Item', 'CASH'),
(233, 'Mohan Motors', 'Mr.', 'Mohan', '', '7073615913', 'Motor & Cooler Repair', 'CASH'),
(234, 'Rent Mudra', 'Mr.', 'Sunil', 'Yadav', '9785205757', 'Purchase of properties', 'CASH'),
(235, 'The looks lovely Unisex Saloon', 'Mr.', 'Sanjay', '', '7891972890', 'Beauty Parlour', 'CASH'),
(236, 'Sandeep Hairstyle', 'Mr.', 'Sandeep   ', '', '8094421700', 'Barber Shop', 'CASH'),
(237, 'Lucky General Store', 'Mr.', 'Dev Raj', 'Singh', '8107497002', 'General Stores', 'CASH'),
(238, 'Muskan Tent House', 'Mr.', 'Vikash', 'Yadav', '7891305438', 'Tent House Materials', 'CASH'),
(239, 'Sandeep Motors', 'Mr.', 'Vikram', 'Singh', '9694652393', 'Motor Winding', 'CASH'),
(240, 'Radhika Mobile', 'Mr.', 'Sonu', 'Kumar', '7726938789', 'Mobile Services', 'CASH'),
(241, 'Vinayak Sanitary', 'Mr.', 'J.P', 'Sharma', '9414271182', 'House Hardware Items', 'CASH'),
(242, 'Ajay Gupta Kirana Store', 'Mr.', 'Ajay', 'Gupta', '8233494994', 'Kirana Store', 'CASH'),
(243, 'Eldeco Infrastructure& Properties Ltd.', 'Mr.', 'Yuvraj', 'Singh', '8003311266', 'Real State, Builder', 'CASH'),
(244, 'Lokit Computer & Emitra ', 'Mr.', 'Jintendra', 'Kumar', '7014295590', 'Online Work,Emitra Work', 'CASH'),
(245, 'Jyoti Footwear', 'Mr.', 'Daya', 'Ram', '9950920014', 'Shoe Shop', 'CASH'),
(246, 'Hindustan Marketing', 'Mr.', 'Jai', 'Prakash Gupta', '9649351005', 'All Electronic Application', 'CASH'),
(247, 'Suzu Restro & Bar', 'Mr.', 'Pankaj', 'Yadav', '80942 91237', 'Restro & Bar', 'CASH'),
(248, 'Havens Saloon ', 'Mr.', 'Mahboob - Rahul\n', '', '9664011207', 'Saloon Men & Women', 'CASH'),
(249, 'Saawariya Mega Mart', 'Mr.', 'Deepak', 'Yadav', '9812784555,01494-246058', 'Departmental Store', 'CASH'),
(250, 'Om Sai Kirana Store\n', 'Mr.', 'Dharmendra', 'Chaudhary', '9828793047', 'Kirana Store & Vegetables', 'CASH'),
(251, 'Jagmoti Diagnostic Centre', 'Dr.', 'Rajpal', 'Yadav', '9413623407', 'Sonography&Laboratory, Medical Checkup', 'CASH'),
(252, 'SB Communication', 'Mr.', 'Shankar', 'Yadav', '9571405039, 9462720027\n', 'Mobile Shop', 'CASH'),
(253, 'Khandelwal Packaging ', 'Mr.', 'Sandeep', 'Yadav', '7240655198, 9079496656 ', 'Packing Items', 'CASH'),
(254, 'VInayak Agencies', 'Mr.', 'Deepak', 'Gupta', '9460519500, 9309313327', 'Nestle Distributor', 'CASH'),
(255, 'Ayush Pavitra Bhojnalaya', 'Mr.', 'Deepak', 'Saini', '8690119898', 'Restaurant', 'CASH'),
(256, 'Ashadeep Dailies', 'Mr.', 'Mukesh', 'Kumar Gupta', '8003109633', 'General Stores', 'CASH'),
(257, 'Khana Khajana ', 'Mr.', 'Gopal', 'Garg', '9772732732, 9887600000', 'Fast Food & Restaurant', 'CASH'),
(258, 'Lucky Fashion Point ', 'Ms.', 'Manisha', 'Choudhary', '8302405446', 'Suits & Cosmetics Collection', 'CASH'),
(259, 'Sardar Ji Stationary', 'Mr.', 'Bhupender', 'Saini', '7239921265', 'Stationary,Gift Items', 'CASH'),
(260, 'Urban Tadka ', 'Mr.', 'Ajay', 'Charan', '9784939392, 9680265296', 'Fast Food & Restaurant(Chinese ,Indian)', 'CASH'),
(261, 'Rao P.G. & Guest House', 'Mr.', 'Naresh', 'Yadav', '9610615356, 6350326681', 'Guest House', 'CASH'),
(262, 'Bikaner Misthan Bhandar', 'Mr.', 'Ram', 'Singh Rajpurohit', '9784969550', 'Food Items & Eatry', 'CASH'),
(263, 'Rahul Medical Hall & General Store', 'Mr.', 'Rahul', 'Kumar Gupta', '9928998463', '9928998463', 'CASH'),
(264, 'Shri Balaji Pavitra Bhojnalaya', 'Mr.', 'Sonu', '', '9549665152', 'Hotel', 'CASH'),
(265, 'The Crave ', 'Mr.', 'Neeraj', 'Bedain', '9729049038', 'Bar & Restaurant', 'CASH'),
(266, 'Khandelwal Power Control', 'Mr.', 'Praveen', 'Sharma', '8740071498', 'Electrical Appliances & Contractor', 'CASH'),
(267, 'Dominick Pizza ', 'Mr.', 'Hemant', 'Yadav', '9982474441-42', 'Pizza Restaurant', 'CASH'),
(268, 'BFC Food Court ', 'Mr.', 'Billu ', '', '7728009722', 'Food Court', 'CASH'),
(269, 'Chauhan Medical & General Store', 'Mr.', 'Shimbhu', 'Singh Chauhan', '9829779081', 'Medical & General Store', 'CASH'),
(270, 'New Look Hair dresser', 'Mr.', 'Sunil', 'Kumar', '7230050180', 'Saloon', 'CASH'),
(271, 'Balaji Metal & Hardware Store', 'Mr.', 'Rana', 'Ram', '9929719290', 'Stainless Steel and Hardware', 'CASH'),
(272, 'D.S. Tools & Mills Store', 'Mr.', 'Harbansh', 'Singh', '9015553941, 9716623166', 'Hardware, Tools , Safety Products', 'CASH'),
(273, 'Shree Radha Shyam Medical Store', 'Ms.', 'Sunita', 'Devi', '9950232528', 'Medical Store', 'CASH'),
(274, 'The Power Fitness Gym', 'Mr.', 'Anup ', 'Kumar Yadav', '9728400804', 'Fitness Gym', 'CASH'),
(275, 'Rainbow Collection', 'Mr.', 'B.P.', 'Yadav', '9783633670', 'Garments', 'CASH'),
(276, 'Neemrana Art Gallery', 'Mr.', 'Ajay', 'Kumar', '8983347833', 'Printing Works', 'CASH'),
(277, 'Pawan Mobile Repairing', 'Mr.', 'Pawan ', '', '9571179496', 'Mobile Repair', 'CASH'),
(278, 'Fitness First Gym', 'Mr.', 'Anand', 'Sharma', '9982277765', 'Fitness Gym', 'CASH'),
(279, 'Aryan Clinic', 'Mr.', 'Updesh', 'Yadav', '9983932525', 'Hospital', 'CASH'),
(280, 'Radha Krishna Medical and General Store', 'Mr.', 'Ramesh', 'Yadav', '8209495651', 'Medical Store', 'CASH'),
(281, 'Priyanshu Mobile', 'Shri', 'Rajveer', '', '9660866604', 'Mobile Shop', 'CASH'),
(282, 'Shree Shyam Photo Studio', 'Mr.', 'Mukesh', 'Kumar Sharma', '9413630101', 'Photography Studio', 'CASH'),
(283, 'Shree Shyam E-Mitra', 'Mr.', 'Aatesh', 'Kumar Mudgal', '7665928399', 'Online Form Filling,Cyber Cafe', 'CASH'),
(284, 'Yadav Studio', 'Mr.', 'Hawa', 'Yadav', '8104273455', 'Photography Studio', 'CASH'),
(285, 'Rohit Consult Properties Registration and E-Mitra', 'Mr.', 'Rohit', '', '9116009741', 'Property Sales and Registration', 'CASH'),
(286, 'Dirty Look', 'Mr.', 'Pinku', '', '7689008737', 'Garments', 'CASH'),
(287, 'Shree Krishna Medical and General Store', 'Mr.', 'Mukesh', 'Soni', '8769545395', 'Medical and General Store', 'CASH'),
(288, 'Yash Fasihon Point', 'Sh.', 'Hemant', 'Kumar', '8290551515', 'Garments', 'CASH'),
(289, 'Hero Fashion Point', 'Sh.', 'Rajesh', 'Sonu', '9079326888', 'Garments', 'CASH'),
(290, 'Krishna PG and Hostel', 'Mr.', 'Krishna', 'Gupta', '8739882284', 'PG and Hostel', 'CASH'),
(291, 'Hotel Ashok Palace', 'Mr.', 'Rajveer', 'Singh', '7300001830', 'Hotel', 'CASH'),
(292, 'Hotel Aju', 'Mr.', 'Prakash', 'Barrilal', '9799262828', 'Hotel', 'CASH'),
(293, 'R.S Rubber Limited', 'Mr.', 'Rahul', 'Rayaliyoti', '9829815462', 'Rubber Factory', 'CASH'),
(294, 'Neemrana Auto CNG Gas Kits', 'Mr.', 'Prashanth', '', '9518637594', 'CNG Kit', 'CASH'),
(295, 'Pooja Brass Band', 'Mr.', 'Ratan', 'Singh Karera', '9950378992', 'Musical Instruments Shop', 'CASH'),
(296, 'Rajasthan Juice and  Fast Food Corner', 'Mr.', 'Narayan', 'Singh', '9928097659', 'Fast Food and Juice', 'CASH'),
(297, 'Radhika Mobile Service', 'Mr.', 'Sonu', 'Yadav', '7726938789', 'Mobile Service', 'CASH'),
(298, 'Krishna Bhojanalah', 'Mr.', 'Dharamveer', 'Singh', '7053010122', 'Restruant and General Store', 'CASH'),
(299, 'Bharti Medical Hall', 'Mr.', 'C.D.', 'Sharma', '7568385275', 'Medical Hall', 'CASH'),
(300, 'Radika Mobile Service', 'Mr.', 'Yogesh', 'Yadav', '9785780708', 'Mobile Service', 'CASH'),
(301, 'Deepa Garments', 'Mr.', 'Jaswant', 'Singh', '9785861563', 'Garments', 'CASH'),
(302, 'MS Mobile Repairing Center', 'Mr.', 'Hawa', 'Singh', '9785063962', 'Mobile Repair and Accessories', 'CASH'),
(303, 'Khana Khajna', 'Mr.', 'Chetan', 'Gupta', '9309336009', 'Restruant', 'CASH'),
(304, 'Street Fashion', 'Mr.', 'Rahul', 'Gupta', '7568651162', 'Garments', 'CASH'),
(305, 'Bhavika Communication', 'Mr.', 'Mohit', 'Kumar Yadav', '8769864150', 'Travel Ticket Booking', 'CASH'),
(306, 'Shri shyam Footwear', 'Mr.', 'Karamveer', 'Yadav', '9929981810', 'Footwear', 'CASH'),
(307, 'Raj Medical Store', 'Mr.', 'Raj', 'Kumar Yadav', '9772503824', 'Medical Store', 'CASH'),
(308, 'Balaji General and Kirana Store', 'Mr.', 'Vikram', 'Singh', '9887804209', 'Kirana Store', 'CASH'),
(309, 'Guru Kripa Flex and Oppset', 'Mr.', 'Sudhir', 'Yadav', '7742305211', 'Flexing and Printing Work', 'CASH'),
(310, 'Yes Computers and Printer Point', 'Mr.', 'Birender', 'Singh', '8505060100', 'All Computer Goods', 'CASH'),
(311, 'Anil Watch and Mobile', 'Mr.', 'Bijendra', 'Singh', '9784494172', 'Mobile Accessories and Watch Shop', 'CASH'),
(312, 'Divya Beauty Parlour', 'Mr.', 'Kailash', 'Kanswar', '8417834606', 'Beauty Parlour', 'CASH'),
(313, 'Anil Garments', 'Mr.', 'Anil', 'Kumar Yadav', '9950377943', 'Garments', 'CASH'),
(314, 'Gupta Enterprise', 'Mr.', 'Manoj', 'Kumar Khandelwal', '9785843176', 'Home Solutions', 'CASH'),
(315, 'Shree Shyam Emitra and Photostat', 'Mr.', 'Deendayal', 'Samaria', '7737789194', 'Online Form PF Solutions,Pan Card', 'CASH'),
(316, 'Master Flour Mill', 'Mr.', 'Tikam', 'Singh', '9928312405', 'Flour Mill Shop', 'CASH'),
(317, 'Durga Medical Hall', 'Ms.', 'Durga', 'Sharma', '9057593590', 'Medical Shop', 'CASH'),
(318, 'Yadav Traders', 'Mr.', 'Hoshiyas', 'Singh Yadav', '8740006700', 'Wholesale Shop', 'CASH'),
(319, 'H.K. Hardware and Electicals', 'Mr.', 'Hari', 'Kishan', '9079717407', 'Hardware and Electicals', 'CASH'),
(320, 'Amar fancy Cloth Store', 'Mr.', 'Duli', 'Chand Gupta', '9261913782', 'Clothing', 'CASH'),
(321, 'Soni Jewellers', 'Shri', 'Ram', 'Kishan Ssoni', '9829494335', 'Jewellers Shop', 'CASH'),
(322, 'Honey Kirana Store', 'Mr.', 'Baljeet', '', '9929183354', 'Departmental Store', 'CASH'),
(323, 'Ritik Kirana Store', 'Mr.', 'Mukesh', 'Kumar Prajapat', '8107745802', 'Departmental Store', 'CASH'),
(324, 'Government Hospital', 'Mr.', 'Naresh', 'Kumar Prajapat', '6375342574', 'Hospital', 'CASH'),
(325, 'Muskan Mishthan Bhandar', 'Mr.', 'Jaswant', '', '9414638147', 'Sweets Shop', 'CASH'),
(326, 'Shree Krishna Battery House', 'Mr.', 'Sunder', 'Singh Yadav', '7375086736', 'All electric Batreries', 'CASH'),
(327, 'Chanehal Tour and Travels', 'Mr.', 'Mithun', '', '9887475716', 'tours and Travels', 'CASH'),
(328, 'Sonu Cycle Shop', 'Mr.', 'Sonu', '', '9983184997', 'Cycle Shop', 'CASH'),
(329, 'Khandelwal Textiles', 'Mr.', 'Sunder', 'Kumar Gupta', '9649661111', 'Textiles,Clothing', 'CASH'),
(330, 'Rajesh Store', 'Mr.', 'Rajesh', 'Kumar Gupta', '9314333316', 'general Departmental Store', 'CASH'),
(331, 'Khandelwal Bartan and Gift House', 'Mr.', 'Mahesh', 'Kumar Khandelwal', '9928604903', 'Gift Shop', 'CASH'),
(332, 'Yadav Welding Works', 'Mr.', 'Satish', 'Kumar Yadav', '9636226703', 'Gate and Railing', 'CASH'),
(333, 'Sisodiya General and Kirana Store', 'Mr.', 'Surendra', 'Singh', '9694235305', 'Kirana Store', 'CASH'),
(334, 'Sisodiya Vegetable Bhandar', 'Mr.', 'Vikram', 'Singh', '9694235978', 'Vegetable Market', 'CASH');

-- --------------------------------------------------------

--
-- Table structure for table `Shop_Images`
--

CREATE TABLE `Shop_Images` (
  `Shop_Number` int(3) DEFAULT NULL,
  `Shop_Images` varchar(179) DEFAULT NULL
) ENGINE=InnoDB DEFAULT CHARSET=utf8;

--
-- Dumping data for table `Shop_Images`
--

INSERT INTO `Shop_Images` (`Shop_Number`, `Shop_Images`) VALUES
(1, 'stylecollection1.jpg,stylecollection2.jpg,stylecollection3.jpg,stylecollection4.jpg,stylecollection5.jpg'),
(2, ''),
(3, ''),
(4, ''),
(5, ''),
(6, ''),
(7, ''),
(8, ''),
(9, ''),
(10, 'shakuntalamsarees.JPG'),
(11, 'maheshgarments.JPG'),
(12, 'latestprinters.JPG'),
(13, 'cambaysapphire.JPG'),
(14, 'shivhardware.JPG'),
(15, 'omwatchandmobilecentre.JPG'),
(16, 'sonumobilecentre.JPG'),
(17, 'NKRclinic.JPG'),
(18, 'RaoRefrigeration.JPG'),
(19, 'Vinayakenterprises.JPG'),
(20, 'incorespare.JPG'),
(21, ''),
(22, 'PKdigitalphotostudioandcolorlab.JPG'),
(23, 'mahalaxmienterprises.JPG'),
(24, 'ganeshtradingcompany.JPG'),
(25, 'AnshuMedicalStore.JPG'),
(26, ''),
(27, 'shekawatidepartmentalstore1.JPG,shekawatidepartmentalstore2.JPG'),
(28, 'panaceahomeopathy.JPG'),
(29, ''),
(30, ''),
(31, 'Amul.jpg'),
(32, ''),
(33, ''),
(34, 'poojabartanbhandar.jpg'),
(35, ''),
(36, 'Siddhivinayakdisposals1.JPG,Siddhivinayakdisposals2.JPG,Siddhivinayakdisposals3.JPG,Siddhivinayakdisposals4.JPG'),
(37, 'impressionhairsaloon1.JPG,impressionhairsaloon2.JPG,impressionhairsaloon3.JPG,impressionhairsaloon4.JPG'),
(38, 'ramayatrading1.JPG,ramayatrading2.JPG'),
(39, 'patanjali1.JPG,patanjali2.JPG,patanjali3.JPG,patanjali4.JPG,patanjali5.JPG'),
(40, 'lifestylefashion1.JPG,lifestylefashion2.JPG,lifestylefashion3.JPG,lifestylefashion4.JPG'),
(41, 'amarcafeandjuicecorner1.JPG,amarcafeandjuicecorner2.JPG'),
(42, ''),
(43, ''),
(44, 'shauryacarseatcovers1.JPG,shauryacarseatcovers2.JPG'),
(45, ''),
(46, 'mastaansinghkeyandlockmaker1.JPG,mastaansinghkeyandlockmaker2.JPG,mastaansinghkeyandlockmaker3.JPG'),
(47, 'newstylesizar1.JPG,newstylesizar2.JPG,newstylesizar3.JPG'),
(48, 'sarasdairy1.JPG,sarasdairy2.JPG'),
(49, 'sugarcanejuiceshop.JPG'),
(50, ''),
(51, 'shivsagerdosapoint.jpg'),
(52, 'ombikanermishthanbhandar.jpg'),
(53, ''),
(54, 'balajityres.jpg'),
(55, 'shrishyammedicalagency.jpg'),
(56, 'kns-pizza-point.jpg'),
(57, 'shreeyaduvanshigarments.jpg'),
(58, 'HOD.JPG'),
(59, ''),
(60, ''),
(61, ''),
(62, ''),
(63, ''),
(64, 'sunfrostrefrigeration.jpg'),
(65, 'yadav mishthan bhandar.jpg'),
(66, ''),
(67, ''),
(68, 'mayankphotostudio.jpg'),
(69, 'babashivmusicaltroop.jpg'),
(70, 'shivplastics.jpg'),
(71, 'ajayenterprises.jpg'),
(72, 'neemranahomes.jpg'),
(73, 'babashivswarooprangmanch.jpg'),
(74, 'silversaloon.jpg'),
(75, 'steelworks.jpg'),
(76, 'rajasthankhadibhandar.jpg'),
(77, 'rajmobile.jpg'),
(78, 'shishyansarasdairy.jpg'),
(79, 'neemranageneralstore.jpg'),
(80, 'ramgeneralstore.jpg'),
(81, 'anandcaters.jpg'),
(82, 'sundarlalkiranastore.jpg'),
(83, 'shivamenterprises.jpg'),
(84, 'jaydurgafruits.jpg'),
(85, 'mahakjuicecorner.jpg'),
(86, 'ladiesfashiontailor.jpg'),
(87, 'jaydurgalogistics.jpg'),
(88, 'monacosmetics.jpg'),
(89, 'gunjaneggcorner.jpg'),
(90, 'shreeshyammatchingcenter.jpg'),
(91, 'sanjaybeautyhairsaloon.jpg'),
(92, 'roshancomputers.jpg'),
(93, 'shivcosmetics.jpg'),
(94, 'rohitsuitcollection.jpg'),
(95, 'uptodate.jpg'),
(96, 'bhagatautoparts.jpg'),
(97, 'mayankgeneralstore.jpg'),
(98, 'FancyBootHouse1.jpg,FancyBootHouse2.jpg,FancyBootHouse3.jpg,FancyBootHouse4.jpg'),
(99, 'NishaMobile1.jpg,NishaMobile2.jpg,NishaMobile3.jpg,NishaMobile4.jpg'),
(100, 'YugFashionHut1.jpg,YugFashionHut2.jpg,YugFashionHut3.jpg,YugFashionHut4.jpg,YugFashionHut5.jpg'),
(101, 'KhetanathReadymadeGarments1.jpg,KhetanathReadymadeGarments2.jpg,KhetanathReadymadeGarments3.jpg'),
(102, 'MonuMobile1.jpg,MonuMobile2.jpg,MonuMobile3.jpg,MonuMobile4.jpg'),
(103, 'AapnoBazar1.jpg,AapnoBazar2.jpg,AapnoBazar3.jpg,AapnoBazar4.jpg,AapnoBazar5.jpg,AapnoBazar6.jpg'),
(104, 'PatanjaliMall1.jpg,PatanjaliMall2.jpg,PatanjaliMall3.jpg,PatanjaliMall4.jpg,PatanjaliMall5.jpg,PatanjaliMall6.jpg,PatanjaliMall7.jpg,PatanjaliMall8.jpg'),
(105, 'ShriRamReadymadeGarments1.jpg,ShriRamReadymadeGarments2.jpg,ShriRamReadymadeGarments3.jpg,ShriRamReadymadeGarments4.jpg,ShriRamReadymadeGarments5.jpg'),
(106, 'MotherDairyAmul1.jpg,MotherDairyAmul2.jpg,MotherDairyAmul3.jpg,MotherDairyAmul4.jpg,MotherDairyAmul5.jpg'),
(107, 'GauravTailors1.jpg,GauravTailors2.jpg,GauravTailors3.jpg'),
(108, 'ShriLaxmiLifestyle1.jpg,ShriLaxmiLifestyle2.jpg,ShriLaxmiLifestyle3.jpg,ShriLaxmiLifestyle4.jpg,ShriLaxmiLifestyle5.jpg,ShriLaxmiLifestyle6.jpg'),
(109, 'NishaMobileCenter1.jpg,NishaMobileCenter2.jpg,NishaMobileCenter3.jpg,NishaMobileCenter4.jpg,NishaMobileCenter5.jpg,NishaMobileCenter6.jpg'),
(110, 'ShriShyamCosmetics&giftgallery1.jpg,ShriShyamCosmetics&giftgallery2.jpg,ShriShyamCosmetics&giftgallery3.jpg,ShriShyamCosmetics&giftgallery4.jpg,ShriShyamCosmetics&giftgallery5.jpg'),
(111, 'RoyalRaoPetShop1.jpg,RoyalRaoPetShop2.jpg,RoyalRaoPetShop3.jpg,RoyalRaoPetShop4.jpg,RoyalRaoPetShop5.jpg'),
(112, 'KhandelwalTradingCompany1.jpg,KhandelwalTradingCompany2.jpg,KhandelwalTradingCompany3.jpg,KhandelwalTradingCompany4.jpg,KhandelwalTradingCompany5.jpg'),
(113, 'Aglow-mart1.jpg,Aglow-mart2.jpg,Aglow-mart3.jpg,Aglow-mart4.jpg,Aglow-mart5.jpg,Aglow-mart6.jpg,Aglow-mart7.jpg'),
(114, 'RoyalSportsandReadymadeCenter1.jpg,RoyalSportsandReadymadeCenter2.jpg,RoyalSportsandReadymadeCenter3.jpg,RoyalSportsandReadymadeCenter4.jpg'),
(115, 'MahalaxmiJwellers1.jpg,MahalaxmiJwellers2.jpg,MahalaxmiJwellers3.jpg'),
(116, 'ShyamFashion1.jpg,ShyamFashion2.jpg,ShyamFashion3.jpg'),
(117, 'KhandelwalFootwear1.jpg,KhandelwalFootwear2.jpg,KhandelwalFootwear3.jpg,KhandelwalFootwear4.jpg'),
(118, 'ShriShyamFancyGarments1.jpg,ShriShyamFancyGarments2.jpg,ShriShyamFancyGarments3.jpg,ShriShyamFancyGarments4.jpg,ShriShyamFancyGarments5.jpg'),
(119, 'AdominoPizza1.jpg,AdominoPizza2.jpg,AdominoPizza3.jpg'),
(120, 'SDFashion1.jpg,SDFashion2.jpg,SDFashion3.jpg,SDFashion4.jpg,SDFashion5.jpg'),
(121, 'RREnterprises1.jpg,RREnterprises2.jpg,RREnterprises3.jpg,RREnterprises4.jpg'),
(122, 'ManasviMarketing1.jpg,ManasviMarketing2.jpg,ManasviMarketing3.jpg,ManasviMarketing4.jpg,ManasviMarketing5.jpg'),
(123, 'TirupatiEngineers&Traders1.jpg,TirupatiEngineers&Traders2.jpg,TirupatiEngineers&Traders3.jpg,TirupatiEngineers&Traders4.jpg'),
(124, 'MiniSangamStores1.jpg,MiniSangamStores2.jpg,MiniSangamStores3.jpg,MiniSangamStores4.jpg,MiniSangamStores5.jpg'),
(125, 'ShreeShyamSanitaryStore1.jpg,ShreeShyamSanitaryStore2.jpg,ShreeShyamSanitaryStore3.jpg,ShreeShyamSanitaryStore4.jpg'),
(126, 'BabaBhagwandasTraders1.jpg,BabaBhagwandasTraders2.jpg'),
(127, 'PawarElectricalandHarwareStore1.jpg,PawarElectricalandHarwareStore2.jpg,PawarElectricalandHarwareStore3.jpg,PawarElectricalandHarwareStore4.jpg'),
(128, 'RiyanshuMobile1.jpg,RiyanshuMobile2.jpg'),
(129, 'KathiJunction1.jpg,KathiJunction2.jpg'),
(130, 'facebookfashion1.jpg,facebookfashion2.jpg'),
(131, 'sunilphotostudio.jpg'),
(132, 'balajiemitra1.jpg,balajiemitra2.jpg'),
(133, ''),
(134, 'luckycyclestore.jpg'),
(135, ''),
(136, 'jrelectricals.jpg'),
(137, 'guptaelectronics1.jpg,guptaelectronics2.jpg,guptaelectronics3.jpg'),
(138, 'maheshgarments1.jpg,maheshgarments2.jpg'),
(139, 'rakeshtailor.jpg'),
(140, 'fancyfootware.jpg'),
(141, 'narendradentalclinic.jpg'),
(142, 'sribajrangmedicose.jpg'),
(143, 'newlighttailor.jpg'),
(144, 'bobbygarments.jpg'),
(145, 'chotelalkashiram1.jpg,chotelalkashiram2.jpg,chotelalkashiram3.jpg,chotelalkashiram4.jpg'),
(146, ''),
(147, 'rktypes1.jpg,rktypes2.jpg,rktypes3.jpg,rktypes4.jpg,rktypes5.jpg'),
(148, 'doorsolutions1.jpg,doorsolutions2.jpg'),
(149, 'msenterprises1.jpg,msenterprises2.jpg,msenterprises3.jpg,msenterprises4.jpg,msenterprises5.jpg,msenterprises6.jpg,msenterprises7.jpg'),
(150, 'sangamhardwarestore1.jpg, sangamhardwarestore2.jpg'),
(151, ''),
(152, 'newjaroda.jpg'),
(153, ''),
(154, ''),
(155, 'jeetenterprises.jpg'),
(156, ''),
(157, ''),
(158, 'vertexsalescorporation.png'),
(159, ''),
(160, ''),
(161, 'KanikaTradingCo1.jpg,KanikaTradingCo2.jpg,KanikaTradingCo3.jpg'),
(162, ''),
(163, 'pooja.jpg'),
(164, 'VikramDrycleaning.jpg'),
(165, ''),
(166, 'omsaijewellers.jpg'),
(167, 'satnamgarments.jpg'),
(168, ''),
(169, ''),
(170, ''),
(171, 'DIDIshringar.jpg'),
(172, ''),
(173, 'ritikgarments.jpg'),
(174, 'Suhagbeautycorner.jpg'),
(175, 'ganeshsuhag.jpg'),
(176, 'framinghouse.jpg'),
(177, ''),
(178, 'yadavautoparts.jpg'),
(179, 'ajaymotorwinding.jpg'),
(180, 'sharmagarments.jpg'),
(181, 'anapurna.jpg'),
(182, 'jagdambahotelandtiffincenter.jpg'),
(183, 'bhrdwajshudhshakaharibhojanalay.jpg'),
(184, 'srishanthtenthouse.jpg'),
(185, 'balajibakers.jpg'),
(186, 'jeevanjyothidental.jpg'),
(187, ''),
(188, 'trendstech.jpg'),
(189, 'anithareadyadeandgeneralstore.jpg'),
(190, 'srijifootwear.jpg'),
(191, 'shreeshyamfancygarments.jpg'),
(192, 'yashgarments.jpg'),
(193, 'easyday.jpg'),
(194, 'mohittilakelectrics.jpg'),
(195, 'sssteelworks.jpg'),
(196, 'luckyjewellers.jpg'),
(197, 'perfectpathlab.jpg'),
(198, 'jbkd.jpg'),
(199, 'srikrishnamedicalhall.jpg'),
(200, 'mayamedical.jpg'),
(201, 'rajasthanproperties.jpg'),
(202, 'totalhomesolutions.jpg'),
(203, 'vastuassociates.jpg'),
(204, ''),
(205, 'PoonamFashionPoint.jpg'),
(206, 'YugcorporationCompany.jpg'),
(207, 'lakhdatar.jpg'),
(208, 'ddsweets.jpg'),
(209, 'queenbeautypoint'),
(210, 'newmayamedicalstore.jpg'),
(211, 'NamdevGarments1.jpg,NamdevGarments2.jpg'),
(212, 'SrishyamMedicalandgeneral store.jpg'),
(213, 'DevProperties.jpg'),
(214, 'HariomLadiestailoring.jpg'),
(215, 'Shivanimedicalhall.jpg'),
(216, 'Raju (reliance fresh)General store.jpg'),
(217, 'JingdalCyclestore.jpg'),
(218, 'Srishyamelectronic.jpg'),
(219, 'BalitrunkHouse.jpg'),
(220, 'Rohitconsult.jpg'),
(221, 'TheparadiseBiryani.jpg'),
(222, 'Adityacooling.jpg'),
(223, 'KolkataLightHouse.jpg'),
(224, 'Delhiknights1.jpg,Delhiknights2.jpg'),
(225, 'A-onePGandGuestHouse.jpg'),
(226, 'LovelySaloon.jpg'),
(227, 'kolkatalighthouse.jpg'),
(228, ''),
(229, 'MkPlywood.jpg'),
(230, 'ManishMobileservices.jpg'),
(231, 'JaiDurgaHardware.jpg'),
(232, 'JayshreeElectronics.jpg'),
(233, 'MohanmotorBinding.jpg'),
(234, 'RentalMudra.jpg'),
(235, 'LooksLovelyUnisexSaloon.jpg'),
(236, 'SandeepHairstyles.jpg'),
(237, 'LuckyGeneralstore.jpg'),
(238, 'MuskanTentHouse.jpg'),
(239, 'SandeepMotorwinding.jpg'),
(240, 'Radhikamobile.jpg'),
(241, 'Vinayakasanitaryware1.jpg,Vinayakasanitaryware2.jpg'),
(242, 'AjayGuptaGeneralstore.jpg'),
(243, 'Eldecoinfrastructure.jpg'),
(244, ''),
(245, ''),
(246, 'hindustanmarketing.jpg'),
(247, 'suzurestroandbar.jpg'),
(248, ''),
(249, 'saawariyamegamart1.jpg,saawariyamegamart2.jpg'),
(250, ''),
(251, 'jagmotidiagnosis1.jpg,jagmotidiagnosis2.jpg,jagmotidiagnosis3.jpg,jagmotidiagnosis4.jpg'),
(252, 'SBcommunication1.jpg,SBcommunication2.jpg,SBcommunication3.jpg'),
(253, ''),
(254, ''),
(255, ''),
(256, 'ashadeepdailies1.jpg,ashadeepdailies2.jpg,ashadeepdailies3.jpg'),
(257, 'khanakhajana1.jpg,khanakhajana2.jpg,khanakhajana3.jpg,khanakhajana4.jpg,khanakhajana5.jpg,khanakhajana6,jpg,khanakhajana7.jpg'),
(258, ''),
(259, 'sardarjistationary1.jpg,sardarjistationary2.jpg,sardarjistationary3.jpg,sardarjistationary4.jpg'),
(260, 'urbantadka1.jpg,urbantadka2.jpg,urbantadka3.jpg'),
(261, ''),
(262, ''),
(263, ''),
(264, ''),
(265, ''),
(266, 'khandelwalpowercontrol1.jpg,khandelwalpowercontrol2.jpg'),
(267, 'dominickpizza.jpg'),
(268, ''),
(269, ''),
(270, ''),
(271, ''),
(272, ''),
(273, 'shreeradheshyammedical1.jpg,shreeradheshyammedical2.jpg,shreeradheshyammedical3.jpg'),
(274, ''),
(275, 'rainbowcollection1.jpg,rainbowcollection2.jpg,rainbowcollection3.jpg,rainbowcollection4.jpg'),
(276, 'neemranaartgalery1.jpg,neemranaartgalery2.jpg,neemranaartgalery3.jpg'),
(277, 'pawanmobierepairing1.jpg,pawanmobierepairing2.jpg,pawanmobierepairing3.jpg'),
(278, 'fitnessgym1.jpg,fitnessgym2.jpg,fitnessgym3.jpg,fitnessgym4.jpg'),
(279, 'aryanclinic1.jpg,aryanclinic2.jpg,aryanclinic3.jpg,aryanclinic4.jpg,aryanclinic5.jpg'),
(280, 'radhekrishnamedicalstore1.jpg,radhekrishnamedicalstore2.jpg,radhekrishnamedicalstore3.jpg'),
(281, 'PriyanshuMobile.JPG'),
(282, 'Shrishyamphotostudio.JPG'),
(283, 'shrishyamE-mitra.JPG'),
(284, 'YadavStudio.JPG'),
(285, 'Rohit consultPropertiesRegistrationandE-mitra.jpg'),
(286, 'DirtyLook.JPG'),
(287, 'shrikrishnamedicalandgeneral store.JPG'),
(288, ''),
(289, ''),
(290, 'krishnapgandhostel.jpg'),
(291, ''),
(292, ''),
(293, ''),
(294, 'neemranaautocnggaskits.jpg'),
(295, 'poojabrassband.jpg'),
(296, 'rajasthanjuicecorner.jpg'),
(297, 'radhikamobileservices.jpg'),
(298, ''),
(299, 'bhartimedicalhall.jpg'),
(300, 'radhikamobileservices.jpg'),
(301, 'deepakgarments.jpg'),
(302, ''),
(303, 'khanakhajana.jpg'),
(304, 'streetfashion.jpg'),
(305, 'bhavikacommunications.jpg'),
(306, 'shrishyamfootwear.jpg'),
(307, 'rajmedicalstore.jpg'),
(308, 'balaljigeneralandkiranastore.jpg'),
(309, 'gurukripaflex.jpg'),
(310, 'yescomputersandprinterspoint.jpg'),
(311, 'anilwatchandmobile.jpg'),
(312, 'divyabeautyparlour.jpg'),
(313, 'anilgarments.jpg'),
(314, 'guptaenterprises.jpg'),
(315, 'shreeshyamemitraandphotostat.jpg'),
(316, 'masterflourmill.jpg'),
(317, 'durgamedicalhall.jpg'),
(318, 'yadavtraders.jpg'),
(319, 'hkhardwareandelectricals.jpg'),
(320, 'amarfancyclothstore.jpg'),
(321, 'sonijewellers.jpg'),
(322, 'honeykiranastore.jpg'),
(323, 'ritikkiranastore.jpg'),
(324, 'governmenthospital.jpg'),
(325, 'muskanmishthanbhandar.jpg'),
(326, ''),
(327, ''),
(328, ''),
(329, ''),
(330, ''),
(331, 'khandelwalbartanandgifthouse.jpg'),
(332, 'yadavweldingworks.jpg'),
(333, 'sisodiyageneralandkiranastore.jpg'),
(334, 'sisodiyasabjibhandar.jpg');

--
-- Indexes for dumped tables
--

--
-- Indexes for table `Shop_Address`
--
ALTER TABLE `Shop_Address`
  ADD KEY `Shop_Number` (`Shop_Number`);

--
-- Indexes for table `Shop_Details`
--
ALTER TABLE `Shop_Details`
  ADD PRIMARY KEY (`Shop_Number`);

--
-- Indexes for table `Shop_Images`
--
ALTER TABLE `Shop_Images`
  ADD KEY `Shop_Images_ibfk_1` (`Shop_Number`);

--
-- AUTO_INCREMENT for dumped tables
--

--
-- AUTO_INCREMENT for table `Shop_Details`
--
ALTER TABLE `Shop_Details`
  MODIFY `Shop_Number` int(3) NOT NULL AUTO_INCREMENT, AUTO_INCREMENT=335;
--
-- Constraints for dumped tables
--

--
-- Constraints for table `Shop_Address`
--
ALTER TABLE `Shop_Address`
  ADD CONSTRAINT `Shop_Address_ibfk_1` FOREIGN KEY (`Shop_Number`) REFERENCES `Shop_Details` (`Shop_Number`) ON DELETE CASCADE;

--
-- Constraints for table `Shop_Images`
--
ALTER TABLE `Shop_Images`
  ADD CONSTRAINT `Shop_Images_ibfk_1` FOREIGN KEY (`Shop_Number`) REFERENCES `Shop_Details` (`Shop_Number`) ON DELETE CASCADE;

/*!40101 SET CHARACTER_SET_CLIENT=@OLD_CHARACTER_SET_CLIENT */;
/*!40101 SET CHARACTER_SET_RESULTS=@OLD_CHARACTER_SET_RESULTS */;
/*!40101 SET COLLATION_CONNECTION=@OLD_COLLATION_CONNECTION */;
